p_val	avg_logFC	pct.1	pct.2	p_val_adj	cluster	gene
6.91615342275057e-270	1.56535004743363	1	0.906	1.053053520148e-265	0	Fn1
1.43763220146057e-200	1.14754776115076	0.968	0.633	2.18893878994387e-196	0	Fxyd5
1.02904645487145e-187	1.44613944753132	0.997	0.801	1.56682613218727e-183	0	Dcn
1.94761109606493e-180	1.85455733850566	0.72	0.381	2.96543265486847e-176	0	Fmod
1.26627725907805e-178	1.36012682802296	1	0.998	1.92803375467225e-174	0	Sparc
3.36357539293844e-176	1.82048679929843	0.992	0.984	5.12137989328807e-172	0	Col1a1
1.04064208232242e-168	1.29472594061258	1	0.989	1.58448163454412e-164	0	Col1a2
2.36552185895067e-160	1.55138470554137	0.86	0.568	3.6017435824383e-156	0	Tnfrsf11b
4.34317423503151e-160	1.93984252852971	0.897	0.642	6.61291709025898e-156	0	1500015O10Rik
7.19928845662202e-160	2.83515016901558	0.907	0.669	1.09616366040527e-155	0	Spp1
4.17615656371275e-143	1.09666106853685	0.847	0.466	6.35861598390904e-139	0	Rarres1
1.71689603721896e-132	0.893942093900415	0.957	0.801	2.6141459062696e-128	0	Col5a2
8.1435317812579e-132	0.949943107169818	0.931	0.825	1.23993414901433e-127	0	Col6a1
2.48273664936941e-131	0.911900429483909	0.942	0.672	3.78021482232987e-127	0	Pcolce
6.4019334239488e-126	1.12161300279591	0.95	0.705	9.74758383130444e-122	0	Timp1
1.11180297191649e-125	0.814248201396292	0.905	0.709	1.69283120504005e-121	0	Ppic
7.57052428172048e-122	0.906188014075829	0.886	0.752	1.15268802713476e-117	0	Col6a2
7.11977206524894e-119	1.04154410506096	0.994	0.8	1.0840564946548e-114	0	Lum
1.90555441430419e-118	1.04086317178836	0.781	0.514	2.90139715121956e-114	0	Ltbp2
2.38901058166102e-116	0.97749820261118	0.937	0.708	3.63750751163706e-112	0	Frzb
3.80449881347201e-110	1.12110905533535	0.557	0.296	5.79272989339248e-106	0	Gdf10
4.80952117352895e-108	0.745864608076626	0.981	0.842	7.32297693881518e-104	0	Npc2
1.17843826797618e-107	2.64516977541931	0.684	0.492	1.79429010682053e-103	0	Cytl1
3.85872452759097e-107	0.8341561579057	0.878	0.536	5.87529396571001e-103	0	Mmp2
9.96717425208078e-106	0.933115930655386	0.462	0.048	1.51760195162182e-101	0	Fzd9
1.66039024469089e-105	1.01542055183854	0.908	0.639	2.52811018656635e-101	0	Lgals3
6.12421903555887e-104	0.727207131399003	0.839	0.674	9.32473590354194e-100	0	Scara3
3.71695224481346e-103	0.767624662853007	0.502	0.062	5.65943148795297e-99	0	S100b
1.45453232300667e-101	0.811006450017655	0.812	0.684	2.21467091500996e-97	0	Col6a3
4.13244806768146e-95	0.62695956946207	0.997	0.998	6.29206542785179e-91	0	Serpinh1
1.53424186181567e-94	0.771636135287929	0.792	0.478	2.33603665880055e-90	0	Emp1
2.19764963252951e-92	0.872238732542796	0.644	0.374	3.34614133048944e-88	0	Crispld1
9.0179970236027e-87	0.752594805075243	0.713	0.479	1.37308022681375e-82	0	Cox4i2
3.24301162299299e-83	0.758643750229871	0.633	0.369	4.93780949716912e-79	0	Tnc
1.15984457663643e-81	0.63612622462373	0.607	0.201	1.76597935238662e-77	0	Metrnl
4.69680269535192e-81	0.988338342354295	0.646	0.368	7.15135178394284e-77	0	Pcolce2
2.12163475705646e-80	0.822778995800328	0.599	0.343	3.23040108109417e-76	0	Acan
2.66632785960586e-80	0.501766762730942	0.452	0.073	4.05975079903589e-76	0	Col16a1
1.57329831886036e-79	0.594968564974348	0.862	0.705	2.39550402029678e-75	0	Tgfb1
3.52861468720314e-78	0.488501085742831	0.48	0.091	5.3726687227355e-74	0	Cgref1
1.17831226606814e-76	0.736385210946949	0.897	0.737	1.79409825631534e-72	0	S100a10
5.10441494116546e-76	0.731998460429999	0.552	0.175	7.77198218941853e-72	0	Anxa8
1.45330181070447e-73	0.711746009450216	0.973	0.981	2.21279733697863e-69	0	Serpine2
6.81707589103637e-73	0.493343046389663	0.377	0.044	1.0379679751692e-68	0	Ttc9
3.17198341096072e-72	0.601935638079209	0.301	0.017	4.82966194152879e-68	0	Cilp2
3.84436965079263e-71	0.582385143888551	0.734	0.526	5.85343723029685e-67	0	Ank
6.45662685743115e-71	1.46518449068445	0.681	0.509	9.83086005312468e-67	0	Prg4
1.63829994692793e-70	1.40495198566487	0.998	1	2.49447549919247e-66	0	Cst3
1.13450448645447e-68	0.586714072448504	0.678	0.486	1.72739653107558e-64	0	Tsc22d3
1.8618003118845e-67	0.462339176910646	0.267	0.011	2.83477715487534e-63	0	Lbhd2
2.0441915667753e-67	0.405381625201241	0.401	0.065	3.11248607957207e-63	0	Jam2
2.88749223591604e-66	0.53731251349075	0.528	0.156	4.39649567840576e-62	0	Slc7a2
3.66642092781903e-66	0.667534604703219	0.346	0.043	5.58249250469725e-62	0	Cst6
4.28551699894777e-66	0.432735110660647	0.519	0.138	6.52512818259787e-62	0	Oaf
1.09385707568386e-65	0.590794245475079	0.258	0.011	1.66550678343624e-61	0	Col11a2
1.36502281925748e-65	0.375212152694936	0.329	0.034	2.07838374460143e-61	0	Gm17455
1.10089361007431e-64	0.651419477145969	0.659	0.436	1.67622061069915e-60	0	Sox9
8.99317651885334e-63	0.460286357994281	0.483	0.126	1.36930105676061e-58	0	Pdgfrl
4.40375072716416e-61	0.538562136294099	0.432	0.102	6.70515085718015e-57	0	Ivns1abp
1.86529144396153e-60	0.37683184594884	0.473	0.118	2.84009275257583e-56	0	Cd109
7.69864028985839e-60	0.779675103903471	0.443	0.121	1.17219497053384e-55	0	Pth1r
8.86394914698457e-60	0.35300056399002	0.39	0.071	1.34962489711987e-55	0	Sertad4
1.06008483068172e-59	0.458585685391319	0.264	0.017	1.61408516319598e-55	0	Fam180a
1.24473342518713e-59	0.586598433418838	0.464	0.492	1.89523111318993e-55	0	Fibin
1.15410169965524e-58	0.499574192176879	0.942	0.828	1.75723524789507e-54	0	Hexa
1.25146824912439e-58	0.337504608956839	0.28	0.025	1.9054855561168e-54	0	Xylt1
1.96308027124413e-58	0.340899383720879	0.329	0.043	2.98898602099631e-54	0	Grin2a
1.28142202279429e-57	2.26369025266437	0.346	0.09	1.95109317190659e-53	0	Col2a1
4.12912752879617e-57	0.443980573698531	0.77	0.602	6.28700957534505e-53	0	Atp2b1
2.59175084822933e-56	0.628196800598134	0.451	0.114	3.94619984151398e-52	0	Tgfbi
9.16513588865014e-56	0.510468001947249	0.222	0.009	1.39548359040587e-51	0	Col9a3
1.01265462894502e-55	0.30125080165785	0.306	0.038	1.54186793803169e-51	0	Itga10
3.10728233208153e-55	0.393571097809833	0.42	0.098	4.73114807882734e-51	0	Ass1
1.04967911638586e-54	0.866385687015047	1	1	1.59824142260911e-50	0	Mgp
1.17116798042749e-54	0.663405211361208	0.25	0.018	1.78322036699889e-50	0	Cthrc1
1.76244484308612e-53	0.562878533577265	0.955	0.933	2.68349851808293e-49	0	Prelp
4.20797990898205e-53	0.3684455333436	0.873	0.781	6.40707020941607e-49	0	Shisa5
5.75006664559751e-53	0.578590697599056	0.417	0.123	8.75505147458677e-49	0	Col27a1
6.18676712853773e-53	0.674455047547793	0.319	0.052	9.41997162991154e-49	0	Sfrp4
1.68677077929238e-52	0.690141643715492	0.419	0.121	2.56827718855057e-48	0	Col8a1
2.00781731634291e-52	0.353421528871078	0.477	0.139	3.05710264586371e-48	0	Runx1
2.86700063096899e-52	0.378740803398747	0.498	0.157	4.36529516071339e-48	0	Cd82
3.66527772650145e-52	0.441265698110173	0.734	0.572	5.58075186637111e-48	0	Capg
9.11237405270181e-52	0.595971490453214	0.531	0.272	1.38745007326438e-47	0	Ctsk
9.31465800494109e-52	0.378398354395841	0.311	0.046	1.41824982783233e-47	0	Col12a1
3.41188851828255e-51	0.440340720805232	0.491	0.154	5.19494145793701e-47	0	Abcg1
4.28587412171885e-51	0.401124615743997	0.95	0.874	6.52567193772912e-47	0	Dap
6.53555992725318e-51	0.44252666667785	0.33	0.057	9.95104354523569e-47	0	Ramp2
2.09253304675535e-50	0.954407454016228	0.979	0.993	3.1860908169897e-46	0	Clu
3.1676497492892e-50	0.376654844930427	0.794	0.653	4.82306350826774e-46	0	Fkbp10
3.83693218524977e-50	0.384451074316708	0.533	0.189	5.8421129452613e-46	0	Apobec3
6.29683333873203e-50	0.419688307803071	0.287	0.042	9.58755844155339e-46	0	Fap
1.03665715519553e-49	0.62743990886471	0.871	0.855	1.57841418450071e-45	0	S100a4
2.77641473606251e-49	0.36448412881297	0.478	0.152	4.22736907712877e-45	0	Rab31
2.99406981133819e-49	0.381266546795828	0.866	0.783	4.55877069474353e-45	0	Sh3bgrl3
5.13909139839944e-49	1.82186923203557	0.267	0.043	7.82478056320299e-45	0	Chad
5.27040967806059e-49	0.492398707570139	0.345	0.068	8.02472577581505e-45	0	Ly6c1
8.4190772446419e-49	0.366718038467254	0.422	0.115	1.28188870126918e-44	0	Sdk2
1.99271528927744e-48	0.349032647113165	0.462	0.143	3.03410829945383e-44	0	Slc44a1
5.43060718669941e-48	0.338580093309575	0.275	0.038	8.26864250246852e-44	0	Tnfaip2
1.01889911828042e-47	0.369876489943604	0.866	0.81	1.55137579749377e-43	0	Selenos
1.10153660637818e-47	0.632696284809151	0.601	0.498	1.67719963687142e-43	0	Phlda1
2.14673106357963e-47	1.15197347329601	0.457	0.258	3.26861271740634e-43	0	Thbs1
2.98880997652491e-47	2.72608903484997	0.283	0.188	4.55076207025682e-43	0	Ibsp
3.87253118327605e-47	0.474140642394752	0.436	0.127	5.89631597965611e-43	0	Clec11a
4.6897129932215e-47	0.419117017834916	0.57	0.527	7.14055700347905e-43	0	Col5a1
5.9514501018377e-47	0.45291921362168	0.198	0.011	9.06167792505808e-43	0	Hapln1
2.77930925834892e-46	0.415672324659361	0.58	0.3	4.23177627676206e-42	0	Pdgfc
1.53443554480081e-45	0.387002359200699	0.411	0.115	2.33633156051371e-41	0	Slco2a1
7.14243671975381e-44	0.340652765275052	0.591	0.482	1.08750741494971e-39	0	Anxa4
1.36902126032175e-43	0.381930350620224	0.979	0.925	2.0844717709659e-39	0	Rrbp1
2.1382923030989e-43	0.502969510095117	0.628	0.468	3.25576386069838e-39	0	Bhlhe40
3.19158148639264e-42	0.373678220927816	0.99	0.993	4.85950197118143e-38	0	Arpc1b
4.68037849448612e-42	0.468447921656389	0.931	0.879	7.12634429570457e-38	0	Anxa1
1.43887318935191e-41	0.481671601228313	0.995	0.99	2.19082831810721e-37	0	Cd9
1.60492183238632e-41	0.38765910718767	0.459	0.174	2.44365398199142e-37	0	Vamp5
2.89319623659053e-41	0.415465364460447	0.818	0.797	4.40518058983274e-37	0	Cdc42ep3
2.45570157536094e-40	0.327444529741024	0.973	0.926	3.73905121864457e-36	0	Tmed10
2.72289371167693e-40	0.425116330293659	0.15	0.003	4.1458779653993e-36	0	Scrg1
1.08002491675032e-39	0.358199602651956	0.721	0.597	1.64444593824404e-35	0	Epdr1
1.7247408833676e-39	0.330793043468902	0.919	0.812	2.62609046901551e-35	0	Arf5
1.75248893790637e-39	0.340173547112457	1	0.997	2.66833965685624e-35	0	Ftl1
2.10649316798892e-39	0.44237312514946	0.882	0.825	3.20734649757994e-35	0	Lmo4
3.61441110779923e-39	0.359199164816287	0.443	0.167	5.50330235273511e-35	0	Fam20c
4.01210787664734e-39	0.314427996125803	0.998	0.997	6.10883545298324e-35	0	Cd63
6.15968650728658e-39	0.428305449219866	0.351	0.123	9.37873867599455e-35	0	Znhit6
1.15299072725847e-38	0.335326285787648	0.91	0.825	1.75554368132374e-34	0	Vkorc1
2.0370962829327e-38	0.410336088824153	0.332	0.086	3.10168280039332e-34	0	Enpp2
5.03348678566245e-38	0.660739624802873	0.169	0.011	7.66398697984964e-34	0	Bpifb1
1.29881931685866e-37	0.329636987054703	0.829	0.737	1.97758229184899e-33	0	Ssr2
2.08783234661973e-37	0.374631314529156	0.467	0.181	3.17893353096319e-33	0	Cd44
3.01300180164027e-37	0.373873697043132	0.871	0.78	4.58759654317748e-33	0	Slc29a1
3.83121262684664e-37	0.333383339422122	0.923	0.862	5.8334043456367e-33	0	Tspan3
4.09659213011485e-37	0.380709725684954	0.464	0.202	6.23747117731287e-33	0	Creb3l1
4.29499937278251e-37	0.40461051616581	0.992	0.984	6.53956604499865e-33	0	Timp2
5.04180029362716e-37	0.514913519085658	0.372	0.121	7.67664512707672e-33	0	Fbln2
5.22304967132191e-37	0.661014248717954	0.981	0.993	7.95261542955473e-33	0	Col3a1
6.34545642353928e-37	0.314754382692523	0.461	0.173	9.6615919504809e-33	0	Arhgdib
1.22119927260931e-36	0.391901763236691	0.411	0.15	1.85939801247494e-32	0	Srpx2
1.34458714753329e-36	0.80631590614113	0.211	0.027	2.04726839083418e-32	0	Slurp1
1.57013999856552e-35	0.599627909595365	0.277	0.059	2.39069516181586e-31	0	Ndufa4l2
2.39352946390143e-35	1.58733474712088	0.378	0.373	3.64438796173632e-31	0	Comp
2.96690553766742e-35	0.32790453274604	0.844	0.749	4.51741037165241e-31	0	Cd47
3.34655473856902e-35	0.353486000080175	0.77	0.796	5.09546424494518e-31	0	Islr
2.02963876189976e-34	0.322819078353929	0.784	0.651	3.09032797886858e-30	0	Rcn1
2.97013098922718e-34	0.406329153889879	0.683	0.508	4.52232144419731e-30	0	Raph1
3.05042112583327e-34	0.305516030345308	0.399	0.14	4.64457120619373e-30	0	Enpp1
4.7193700468905e-34	0.326462661447034	0.826	0.788	7.18571283339548e-30	0	Pdia6
6.99364813228543e-34	0.437360553152226	0.815	0.783	1.06485286462178e-29	0	Nbl1
3.71650888931162e-33	0.576800779322023	0.251	0.051	5.65875643486586e-29	0	Gpx3
5.11947390386385e-33	0.403414345266321	0.452	0.191	7.79491096602309e-29	0	Mmp14
8.75278577063058e-33	0.350203803345406	0.567	0.377	1.33269916143621e-28	0	Trps1
1.17394195660714e-32	0.393187365273676	0.383	0.133	1.78744402313003e-28	0	Olfml3
1.37133156220767e-32	0.358434999791555	0.626	0.46	2.0879894366174e-28	0	Sdc1
4.26324930900329e-32	0.33812814920167	0.29	0.077	6.4912233978884e-28	0	Pdzrn4
1.05585290104969e-31	0.372919795194926	0.916	0.82	1.60764162713826e-27	0	Lrp1
2.23243527922648e-30	0.344184585768934	0.391	0.153	3.39910595615024e-26	0	Loxl3
2.40872589543348e-30	0.365522706696613	0.696	0.543	3.66752604838702e-26	0	Iqsec1
4.15105289700225e-29	0.336263120047053	0.496	0.543	6.32039314097563e-25	0	Gas1
4.98609826163381e-29	0.340609495155423	0.296	0.087	7.59183321316363e-25	0	Ptn
6.4516437956942e-29	0.314091423661207	0.469	0.208	9.82327284332398e-25	0	Ly6e
7.30994552450005e-29	0.337917417256664	0.974	0.963	1.11301230556038e-24	0	Emp3
9.60935817762803e-29	0.653545194818144	0.425	0.281	1.46312087612564e-24	0	Ly6a
1.07444958387218e-28	0.396867582244013	0.325	0.107	1.63595693640377e-24	0	Dpt
1.66029169161548e-28	0.367332683054487	0.527	0.304	2.52796012965374e-24	0	Cnnm4
1.69796415810372e-28	0.377242610245318	0.944	0.889	2.58532022712872e-24	0	Mxra8
2.00794203084879e-28	0.910768795599983	0.552	0.523	3.05729253617037e-24	0	Lcn2
2.94766398317793e-28	0.313929007706963	0.546	0.345	4.48811318078671e-24	0	Nucb2
4.14230862668963e-28	0.427088036830329	0.544	0.449	6.30707911499763e-24	0	Icam1
4.51766206168525e-28	0.541108446571213	0.346	0.134	6.87859225512196e-24	0	Ptgs2
7.70679499250526e-27	0.891262780412917	0.206	0.044	1.17343660555885e-22	0	Hp
2.04230517910464e-26	0.321594841743607	0.536	0.438	3.10961386570472e-22	0	Angptl2
2.33685183317067e-26	0.335340801463741	0.393	0.172	3.55809060118566e-22	0	Ppa1
1.35402140939653e-25	0.410333713679566	0.333	0.129	2.06163299794716e-21	0	Rgcc
2.93240989236444e-25	0.425310994508437	0.876	0.819	4.46488730211409e-21	0	Cebpd
3.42892029651925e-24	0.314671732058133	0.367	0.155	5.22087404348022e-20	0	Trib1
1.27218407881986e-23	0.327289254715369	0.105	0.006	1.93702747841111e-19	0	Col11a1
1.60919198285143e-22	0.303136079596412	0.581	0.477	2.45015571308958e-18	0	Ugdh
2.41551847034361e-22	0.31849210079115	0.763	0.662	3.67786842294519e-18	0	Gja1
3.41120998535456e-22	0.361144049084367	0.686	0.664	5.19390832370085e-18	0	Id1
3.08244374496886e-21	0.318301072623188	0.528	0.341	4.69332884608958e-17	0	Cd34
1.12275373698379e-20	0.464937747945348	0.296	0.115	1.70950483993152e-16	0	Smoc2
1.29689998417874e-20	0.636080321113384	0.816	0.736	1.97465991591055e-16	0	Vcam1
2.02574297644441e-20	0.493084771657267	0.262	0.107	3.08439625593426e-16	0	Omd
2.87177762448269e-20	0.429559064433679	0.834	0.762	4.37256861103734e-16	0	Klf4
6.70576746915105e-20	1.35149937821075	0.277	0.259	1.02102015485294e-15	0	Mmp3
1.71243593209708e-19	0.362475000269542	0.952	0.909	2.60735495021101e-15	0	Ccdc80
1.82666364204915e-19	0.396641087942215	0.919	0.891	2.78127806138404e-15	0	Nfkbia
5.0319830392733e-17	0.325128412486017	0.915	0.931	7.66169737559753e-13	0	Anxa2
3.72989950070609e-16	0.435506707449171	0.428	0.442	5.6791449797751e-12	0	Cxcl1
1.11757345702296e-15	1.4483452649646	0.119	0.032	1.70161734566315e-11	0	Chil1
2.69936124512592e-13	0.374539494167945	0.889	0.812	4.11004743182872e-09	0	Kdelr2
2.83700310819938e-13	0.517046277800977	0.973	0.989	4.31962093254438e-09	0	Sdc4
5.89950412323386e-12	0.304753922289003	0.924	0.978	8.98258497803588e-08	0	Ecm1
1.70651146616319e-11	0.723997374219779	0.209	0.094	2.59833435838008e-07	0	Penk
4.01483359562176e-11	0.430513386521206	0.87	0.847	6.11298563269369e-07	0	Klf2
2.59815077385803e-10	0.311040019679215	0.288	0.181	3.95594436827623e-06	0	Rcan1
4.40120572604598e-10	0.534382910855566	0.942	0.966	6.70127583847761e-06	0	Gsn
1.03754062924741e-08	0.486462357131942	0.958	0.98	0.000157975936209211	0	Mfge8
2.06335602082255e-07	0.42146895360399	0.11	0.097	0.00314166587730442	0	Mia
3.87320993520923e-173	1.27854372518943	1	0.826	5.89734944734958e-169	1	Csrp2
2.63659790261181e-171	1.28451295962968	0.995	0.611	4.01448396651675e-167	1	Cnn1
3.89960219831249e-163	1.31046047120285	1	0.771	5.9375343071506e-159	1	Myl9
5.64799502241189e-163	1.37733391127722	1	0.8	8.59963722112435e-159	1	Tagln
5.37563112481124e-156	1.18917796802288	0.997	0.833	8.18493595063759e-152	1	Tpm2
2.28752998382441e-151	1.02370982700262	1	0.832	3.48299315337105e-147	1	Tpm1
6.96709654335464e-143	1.06696085789736	0.992	0.61	1.06081011969118e-138	1	Ppp1r14a
8.2476473142031e-143	1.30216915599048	1	0.94	1.25578678006056e-138	1	Acta2
2.86311933832265e-142	1.07557564118993	0.995	0.618	4.35938550453006e-138	1	Myh11
4.94190594973662e-142	0.981091395540896	1	0.98	7.52454599906897e-138	1	Dstn
4.01248504785357e-133	0.90528345695103	1	0.997	6.10940973386184e-129	1	Myl6
7.74964347359218e-132	1.0041294159333	1	0.851	1.17996071528915e-127	1	Csrp1
1.01819236888517e-131	0.923519218379808	0.989	0.658	1.55029970086455e-127	1	Fblim1
6.89823903993624e-126	0.865309833985575	1	0.838	1.05032587622069e-121	1	Cald1
2.40060034726432e-123	0.858731813245095	0.997	0.686	3.65515408874465e-119	1	Mylk
5.98684649982776e-122	1.11171498073963	1	0.978	9.11557248063774e-118	1	Tmsb4x
2.87355616424909e-114	0.875202402518259	0.937	0.593	4.37527661568567e-110	1	Ramp1
1.871519451822e-112	0.834186860195397	0.986	0.612	2.84957551734418e-108	1	Itga8
2.61519715572676e-108	0.820843281785366	0.995	0.788	3.98189918930957e-104	1	Flna
3.87678606847133e-107	0.984405006688479	0.85	0.413	5.90279446785445e-103	1	Fbxl22
4.33217865143902e-105	0.784401650929455	0.978	0.638	6.59617521468106e-101	1	Lmod1
3.95036905315593e-103	0.755414269266889	0.995	0.794	6.01483192033523e-99	1	Actn1
7.41726820777685e-101	0.656255150349074	0.995	0.902	1.1293532573161e-96	1	Sh3bgrl
3.46192452386826e-100	0.71341039282636	0.973	0.713	5.27112628004181e-96	1	Smtn
1.51907737783204e-96	0.749144180139109	0.978	0.682	2.31294721548707e-92	1	Lpp
1.13819531165985e-95	0.769957571961521	0.888	0.566	1.73301618153329e-91	1	Hspb6
3.50619352558822e-95	0.794504379472376	0.877	0.445	5.33853026206063e-91	1	Sh3bgr
9.58547338616964e-89	0.67698318220175	0.668	0.133	1.45948417777819e-84	1	Optc
7.06576656581962e-87	0.70080815270897	0.984	0.754	1.0758336173117e-82	1	Rbpms
2.6746489615506e-86	0.650969879351796	0.935	0.604	4.07242050885695e-82	1	Slmap
2.8365739778666e-86	0.763035373500511	0.891	0.582	4.31896753869969e-82	1	Npnt
2.00491703205854e-85	0.660401941211761	0.956	0.71	3.05268667301233e-81	1	Ppp1r12a
1.27518488448255e-84	0.551047348414399	1	0.994	1.94159650511313e-80	1	Pfn1
1.90933940056154e-84	0.751495084632019	0.676	0.176	2.907160171295e-80	1	Net1
7.00333154666877e-83	0.679274120527353	0.992	0.872	1.06632726129579e-78	1	Fhl1
1.91613794167546e-82	0.684791566288463	0.935	0.742	2.91751162999505e-78	1	Rock1
4.8998091953554e-82	0.610277850655117	0.698	0.17	7.46044948084813e-78	1	1190005I06Rik
6.42440980661963e-82	0.978863201111664	0.935	0.633	9.78180637155904e-78	1	Mfap4
3.71101112813695e-81	0.786364848055385	0.921	0.608	5.65038554370132e-77	1	Filip1l
6.57313991864923e-79	0.548389643418468	0.602	0.114	1.00082628401353e-74	1	Pcp4l1
9.98438382049516e-79	0.623939658662096	0.986	0.749	1.52022228050859e-74	1	Tns1
7.95702143286269e-77	0.633946583579822	0.918	0.657	1.21153608336767e-72	1	Zyx
2.23299312534574e-76	0.99640059082379	0.815	0.422	3.39995533265143e-72	1	Sost
4.25305019251918e-75	0.947946388089238	0.995	0.901	6.4756942231297e-71	1	Hspb1
2.09960146953075e-74	0.570403985568328	0.997	0.893	3.19685319750753e-70	1	Pls3
2.31010411711865e-74	0.625740731099703	0.992	0.784	3.51736452872486e-70	1	Map1b
4.28604109836713e-74	0.623993417561127	0.886	0.59	6.52592617637379e-70	1	Spint2
1.18381109009525e-72	0.567939289605842	0.67	0.174	1.80247076577902e-68	1	St5
8.96141944827844e-72	0.668714054862709	0.975	0.768	1.36446572519487e-67	1	Col18a1
2.52147632702703e-70	0.579841358219369	0.714	0.223	3.83919985553136e-66	1	Kcnmb1
2.62785825957847e-70	0.683915640942214	0.891	0.632	4.00117698603418e-66	1	Msrb1
2.25004971530715e-68	0.716189239687618	0.899	0.563	3.42592569652667e-64	1	Ccn3
2.77717204366878e-68	0.675302279234379	0.866	0.575	4.22852215369009e-64	1	Bcam
3.7730118688821e-66	0.636643057937616	0.902	0.718	5.74478787155989e-62	1	Hspb7
1.26275863064926e-65	0.618860393867037	0.831	0.493	1.92267629102657e-61	1	Pdlim3
1.29040957036992e-65	0.526320876934693	0.638	0.17	1.96477761184524e-61	1	Itga9
4.37099938606894e-65	0.574657570239078	0.858	0.548	6.65528366522857e-61	1	Nexn
7.94913281083062e-65	0.611106453798102	0.717	0.294	1.21033496177707e-60	1	Efhd1
8.43901266828161e-65	0.530853292514652	0.899	0.686	1.28492406887256e-60	1	Lrrfip1
1.54631431790804e-64	0.578764352191731	0.875	0.567	2.35441818044679e-60	1	Pdlim7
3.8353632388036e-63	0.500367434411487	0.962	0.795	5.83972406740236e-59	1	Ppp1cb
7.47675273008929e-63	0.517377244634962	0.654	0.189	1.1384103706834e-58	1	Mcam
2.28528257443035e-62	0.488064775416743	0.684	0.215	3.47957124782765e-58	1	Rasl12
3.2126078022542e-62	0.79255032833134	0.967	0.857	4.89151663971225e-58	1	Mustn1
8.80536663622049e-62	0.567546116223668	0.956	0.725	1.34070512403093e-57	1	Pbxip1
9.50827326612896e-61	0.524303848185431	0.864	0.677	1.44772968750079e-56	1	Actn4
1.74316573152094e-60	0.588235737334281	0.864	0.564	2.65414414281379e-56	1	Cbr2
1.39935526349344e-59	0.479387983440583	0.64	0.192	2.13065832419511e-55	1	Jph2
9.70271356906808e-59	0.607065700813645	0.866	0.631	1.47733516802631e-54	1	Dnajb4
2.39701628344422e-58	0.544241726994426	0.787	0.42	3.64969699317217e-54	1	Dmpk
3.36610945120855e-58	0.517126647547736	0.507	0.105	5.12523825041014e-54	1	Mylk4
5.12853508610099e-58	0.442710890134499	0.651	0.202	7.80870752209736e-54	1	Mrvi1
8.72851862745488e-57	0.885098431015984	0.779	0.479	1.32900424621628e-52	1	Tcap
5.40180441432967e-56	0.527636577607388	0.995	0.865	8.22478740125835e-52	1	Ltbp1
1.46882364556957e-55	0.423106513073901	0.49	0.103	2.23643088274422e-51	1	Npy1r
4.4725831811631e-55	0.523667592896947	0.779	0.484	6.80995515163894e-51	1	Myh10
7.67617350393605e-55	0.58432640115898	0.809	0.437	1.1687741777093e-50	1	Synpo2
1.19922612747659e-53	0.495915312116789	0.997	0.977	1.82594170169586e-49	1	Cpe
1.59840795158441e-53	0.529539755397243	0.578	0.164	2.43373594708242e-49	1	Ccdc3
1.72331952365523e-53	0.43232381079044	0.602	0.18	2.62392630671746e-49	1	Perp
4.4308475182216e-53	0.453995414426628	0.64	0.211	6.7464084312442e-49	1	Adcy5
8.76231648292642e-53	0.560806049572789	0.959	0.75	1.33415030769038e-48	1	Gstm1
1.72961863820601e-52	0.473535906002637	1	0.998	2.63351733853247e-48	1	Vim
3.08679082988754e-52	0.595341308363923	0.766	0.588	4.69994771758676e-48	1	Lmcd1
6.64514232608402e-52	0.534138402828489	0.785	0.459	1.01178937056955e-47	1	Lims2
3.3995586358385e-51	0.45264809068103	0.866	0.715	5.1761679789277e-47	1	Cfl2
3.30251267882384e-49	0.443060797412641	0.624	0.211	5.02840580477717e-45	1	Pkp4
4.84571936833676e-49	0.481168711931631	0.812	0.456	7.37809231022956e-45	1	Plcb4
4.88412788574459e-49	0.60814456538031	0.918	0.774	7.43657311883471e-45	1	Ncam1
6.09544411291357e-49	0.357756676165803	0.526	0.146	9.2809232063222e-45	1	Aoc3
1.02644989077178e-48	0.793280598028683	0.466	0.109	1.56287260368911e-44	1	2210407C18Rik
3.62761332416372e-48	0.400477923489429	0.493	0.123	5.52340404737169e-44	1	Plekho1
3.76693345879073e-48	0.825599436867759	0.847	0.573	5.73553288435477e-44	1	Itih4
7.17408208652425e-48	0.43723110514018	0.58	0.185	1.09232573849418e-43	1	Rassf3
2.77489549413843e-47	0.387056501687919	0.553	0.165	4.22505587937518e-43	1	Pdgfd
7.30669180548716e-47	0.537688802898951	0.695	0.316	1.11251689430348e-42	1	Sgcg
1.1141963763992e-46	0.555615671163044	0.872	0.65	1.69647540270543e-42	1	Dusp3
1.39585511924887e-46	0.476918778641349	0.845	0.644	2.12532900456833e-42	1	Pdlim1
4.51024870578544e-46	0.385195571310429	0.499	0.133	6.86730467942892e-42	1	Kcnab1
4.71264356619732e-45	0.421743155572825	0.575	0.188	7.17547109389204e-41	1	Gucy1b1
5.63787295030782e-45	0.421473742604308	0.981	0.885	8.58422535413868e-41	1	Hcfc1r1
9.12893937677024e-45	0.455777872743824	0.733	0.49	1.38997230950704e-40	1	Fam129a
9.59141443127547e-45	0.392797907217769	0.561	0.179	1.460388761306e-40	1	Limch1
9.78379571222595e-45	0.575680599606955	0.779	0.517	1.48968073514352e-40	1	Tinagl1
1.4664248937069e-44	0.482697060273888	0.986	0.916	2.23277854315812e-40	1	Tagln2
2.36486954297905e-44	0.828251725128706	1	0.998	3.6007503661399e-40	1	Actb
2.91692842125912e-44	0.330737621349937	0.42	0.091	4.44131521420913e-40	1	Pnck
3.70127442313504e-44	0.380175842551364	0.61	0.219	5.63556043666541e-40	1	Ppp1r12b
3.77088588835139e-44	0.336075314313174	0.485	0.134	5.74155085360382e-40	1	Npr1
1.20152599378152e-43	0.442763410506355	0.978	0.82	1.82944347813174e-39	1	Rarres2
1.30780629042412e-43	0.395457088073017	0.52	0.155	1.99126585779977e-39	1	Thsd4
1.51994111504505e-43	0.39340327937988	0.589	0.205	2.31426234176759e-39	1	Speg
6.84670741884921e-43	0.419091847180165	0.984	0.901	1.04247967159398e-38	1	Cavin1
1.86085465628621e-42	0.336867703407629	0.496	0.144	2.83333729966139e-38	1	Lgr6
5.74282649540931e-42	0.405635243581941	0.905	0.736	8.74402762191021e-38	1	Rsu1
7.55538052503671e-42	0.45548468029364	0.883	0.658	1.15038223874209e-37	1	Cped1
9.25191993553234e-42	0.440147965326657	0.869	0.699	1.40869732938415e-37	1	Cnn2
1.0144551492337e-41	0.372534317409787	0.992	0.939	1.54460941022323e-37	1	Bri3
4.08390281851505e-41	0.393998167657457	0.921	0.775	6.21815043147102e-37	1	Kif5b
2.58782214256667e-40	0.423643526325512	0.926	0.815	3.94021799427201e-36	1	Cnn3
3.50915154770262e-40	0.40480708309531	0.534	0.179	5.343034146532e-36	1	Rbpms2
3.91451304910939e-40	0.475718652382356	0.815	0.659	5.96023756857395e-36	1	Lbh
4.93396615564365e-40	0.448549712193202	0.809	0.578	7.51245686858302e-36	1	Enah
1.77483092166558e-39	0.379616886270101	0.422	0.107	2.70235756132802e-35	1	Rgs4
2.19098697830014e-39	0.456309403174605	0.681	0.315	3.33599677315979e-35	1	Myom1
3.31512348723147e-39	0.396311467010957	0.828	0.633	5.04760702165863e-35	1	Tgfb1i1
4.03183813165861e-39	0.38060373136803	0.556	0.201	6.13887673926341e-35	1	Pcgf5
4.40894634297478e-39	0.593929944642334	0.744	0.485	6.7130617018134e-35	1	Sparcl1
7.92189556032434e-39	0.39789628402576	0.722	0.485	1.20618781801498e-34	1	Hacd1
1.46796435184932e-37	0.343726013225372	0.995	0.923	2.23512252212577e-33	1	Itgb1
2.185550000356e-37	0.483689107194079	0.91	0.662	3.32771843054205e-33	1	Fgl2
2.35459412530875e-37	0.351543663925982	0.951	0.897	3.58510501519511e-33	1	Capzb
2.4207858357935e-37	0.534480577230526	0.717	0.575	3.68588851357919e-33	1	Ckb
1.17794444598577e-36	0.376179373469267	0.706	0.428	1.79353821345793e-32	1	Emc8
1.47944092397739e-36	0.429700750445037	0.725	0.468	2.25259675084797e-32	1	Svil
1.81994713644671e-36	0.445712001492537	0.567	0.22	2.77105150995375e-32	1	Osr1
2.08922363300715e-36	0.397392914234097	0.85	0.617	3.18105190361669e-32	1	Wfdc1
2.52642520163211e-36	0.353827300288539	0.567	0.215	3.84673501200504e-32	1	Tmem47
3.59919071342294e-36	0.36417549464662	0.834	0.731	5.48012778025777e-32	1	Bnip2
4.10913216544234e-36	0.357467304481088	0.872	0.774	6.25656463510251e-32	1	Dst
6.33600724380339e-36	0.399589701155969	0.553	0.206	9.64720462941505e-32	1	Rasl11b
8.31885909984981e-36	0.436166714329455	0.845	0.643	1.26662948654313e-31	1	Cav1
9.25229528303885e-36	0.340272523930722	0.463	0.143	1.4087544797955e-31	1	Nkd1
1.93987132691017e-35	0.352574129084504	0.58	0.23	2.95364808235343e-31	1	Ttc28
2.30036479275553e-35	0.469817460902677	0.798	0.574	3.50253543344957e-31	1	Fmo2
2.32273260684944e-35	0.394973091078179	0.815	0.595	3.53659266718895e-31	1	Ndrg2
2.38294983300294e-35	0.466863907689546	0.54	0.203	3.62827941573028e-31	1	Serpinb6b
5.47389908718412e-35	0.339495441077396	0.49	0.164	8.33455875014654e-31	1	Dsp
1.40783778913599e-34	0.349729477679452	0.997	0.971	2.14357381773846e-30	1	Aldoa
1.57303135033577e-34	0.365569935380276	0.572	0.227	2.39509753402125e-30	1	Chd3
2.06131185334331e-34	0.345809696295346	1	0.978	3.13855342790052e-30	1	Lgals1
2.5515173611277e-34	0.349563445095515	0.793	0.671	3.88494033405303e-30	1	Rras
4.10496514822519e-34	0.3677344882609	0.649	0.31	6.25021993468767e-30	1	Smarcd3
6.74789250584896e-34	0.358243191350742	0.946	0.865	1.02743411294056e-29	1	Map1lc3a
9.71641497475921e-34	0.484797807120959	0.932	0.747	1.47942134405684e-29	1	Postn
1.05158448682086e-33	0.375244072061661	0.488	0.175	1.60114253963345e-29	1	Fbxo30
1.46948098693462e-33	0.750145968947352	0.534	0.377	2.23743175070665e-29	1	Actg2
1.50745673838423e-33	0.400743877297167	0.763	0.631	2.29525362986383e-29	1	Susd5
1.7076879101729e-33	0.353697378549872	0.537	0.211	2.60012561202926e-29	1	Camk2g
2.67985015044841e-33	0.347538270190424	0.853	0.703	4.08033983907275e-29	1	Fermt2
5.78037379352462e-33	0.450143443115389	0.975	0.91	8.80119713802059e-29	1	Cd200
1.02241171260557e-32	0.346151777693835	0.916	0.774	1.55672407361324e-28	1	Oxct1
1.29962504425071e-32	0.328327017012267	0.997	0.989	1.97880909237614e-28	1	Dynll1
1.93790620650638e-32	0.322932105627049	0.499	0.181	2.95065599002662e-28	1	Kcnh2
3.27279967473993e-32	0.336577317010191	0.58	0.246	4.98316478475902e-28	1	Coro1c
2.42350498959525e-31	0.389133733533739	0.575	0.244	3.69002869715772e-27	1	Stbd1
4.42748279603375e-31	0.459166053871133	0.877	0.661	6.74128530524099e-27	1	Ogn
6.44568881573208e-31	0.323825418311865	0.548	0.224	9.81420579083366e-27	1	Sorl1
7.27354906233887e-31	0.355069988415234	0.965	0.91	1.10747058023172e-26	1	Cryab
7.40815272705928e-31	0.332553715299871	0.357	0.092	1.12796533422205e-26	1	Ptprz1
8.98654110057899e-31	0.326304939098906	0.926	0.864	1.36829074797416e-26	1	Ndufa11
1.36246035395496e-30	0.374734720603407	0.989	0.951	2.07448213493183e-26	1	Cyb5r3
2.05855102387041e-30	0.384767763817273	0.668	0.363	3.13434978894509e-26	1	Dmd
2.17096139670604e-30	0.365995210481772	0.717	0.521	3.30550582262462e-26	1	Ccdc107
1.15763126930662e-29	0.330030178814333	0.572	0.25	1.76260937064626e-25	1	Hspa2
4.12796680024242e-29	0.33287140114781	0.924	0.831	6.28524225004911e-25	1	Ndufv3
1.63451374862311e-28	0.321476998733529	0.518	0.211	2.48871063365355e-24	1	Nrtn
7.70657580643495e-28	0.386173904194263	0.866	0.764	1.17340323228779e-23	1	Arid5b
3.39743188106815e-27	0.455150396224555	0.698	0.533	5.17292978211437e-23	1	Prss23
4.59199461539279e-27	0.326239228837657	0.736	0.553	6.99177100139705e-23	1	Hspb2
7.47342243028712e-27	0.321002237831538	0.913	0.743	1.13790329923552e-22	1	Pcdh7
1.29655193727683e-26	0.348722969933592	0.749	0.535	1.97412997969771e-22	1	Gstm2
1.51142282802511e-26	0.400497065725817	0.717	0.578	2.30129239795104e-22	1	Gm13889
4.09739772322709e-26	0.360150026746386	0.717	0.496	6.23869777338556e-22	1	Nox4
4.32052138399867e-26	0.41211904378258	0.621	0.437	6.57842585927638e-22	1	2200002D01Rik
1.57541171853753e-25	0.339274536567205	0.932	0.843	2.39872188264524e-21	1	Hsp90aa1
3.88285813330225e-25	0.34867781383864	0.474	0.209	5.91203979376601e-21	1	Hsph1
1.25982591621378e-23	0.344226639018056	0.989	0.941	1.9182109400271e-19	1	Sod3
2.48890250018457e-23	0.44926319172263	0.67	0.462	3.78960294678102e-19	1	Rbp4
1.30879108329574e-22	0.545281048064943	0.659	0.599	1.9927653034261e-18	1	Hspa1a
1.16580961988399e-21	0.340284051241804	0.703	0.469	1.77506172723536e-17	1	Gucy1a1
4.13090576226029e-21	0.508449673545246	0.896	0.733	6.28971711361752e-17	1	Gm9973
6.33152508517612e-20	0.43877467535397	0.646	0.503	9.64038009468917e-16	1	Mfap5
7.26950091840732e-20	0.335053883163102	0.828	0.708	1.1068542098367e-15	1	Tnfrsf12a
3.57673140211242e-18	0.328768590167079	0.512	0.268	5.44593123285638e-14	1	Emd
2.53282983168073e-17	0.352719244437687	0.267	0.086	3.85648670171708e-13	1	Rgs5
1.32086537184947e-14	0.481509158445166	0.992	0.976	2.01114961517801e-10	1	Pam
2.7333962975932e-11	0.758643386664795	0.223	0.085	4.1618692027154e-07	1	Igfbp2
3.79861191035705e-11	0.431891984173651	0.275	0.122	5.78376649470964e-07	1	Tnnt2
3.21406576227671e-08	0.474414448039828	0.169	0.083	0.000489373652964252	1	Des
1.54522111060377e-136	1.70301807048817	0.947	0.665	2.3527536630053e-132	3	Cxcl12
4.29223896073956e-131	1.61606842935694	0.842	0.237	6.53536304162206e-127	3	Fbln1
2.42099777655119e-130	1.5076847783176	0.961	0.693	3.68621121457684e-126	3	Igfbp4
9.74088500426478e-116	1.38149467682506	0.987	0.925	1.48314715074936e-111	3	Gas6
1.64567660356661e-112	1.14422478740692	0.921	0.657	2.50570719659052e-108	3	Serping1
2.1162827932521e-108	1.60286021892851	0.855	0.584	3.22225218100565e-104	3	C3
3.08249728553941e-102	1.40172181212483	0.789	0.286	4.69341036696231e-98	3	Gm2564
3.71274655064091e-76	0.87508358536523	1	0.94	5.65302789800585e-72	3	Ifitm3
9.39542854417616e-67	0.94507246664183	0.781	0.512	1.43054795013626e-62	3	Crispld2
9.3214901033444e-66	0.896528192044136	0.982	0.869	1.41929008313522e-61	3	Cfh
1.85659355557734e-64	0.73473538105171	0.934	0.721	2.82684934772206e-60	3	Tmem176b
1.94255058975503e-64	1.12686376304437	0.925	0.626	2.957727527961e-60	3	Serpina3n
3.45005809284185e-62	0.730377337234899	0.803	0.507	5.253058452161e-58	3	Mgst1
3.20521703880265e-58	0.724401401028677	0.952	0.899	4.88026346328092e-54	3	Il11ra1
1.40961590667477e-53	0.584508019695479	0.439	0.049	2.146281179503e-49	3	Ccl19
6.12989455336251e-53	0.767007396619892	0.873	0.702	9.33337744694976e-49	3	Abi3bp
3.73547216583337e-52	0.818052292290742	0.697	0.336	5.68762991969788e-48	3	Cp
3.35626793131758e-50	0.61186641614048	0.452	0.063	5.11025355222415e-46	3	Efemp1
1.19785607189647e-49	0.499737105791326	0.329	0.017	1.82385565506957e-45	3	Il33
5.3334581399122e-48	0.729987129157231	0.851	0.714	8.12072336383032e-44	3	Htra3
3.07183941543695e-46	0.882382371530737	0.627	0.183	4.6771826939443e-42	3	C4b
9.043036667433e-45	0.663136501485073	0.864	0.691	1.37689276298335e-40	3	Adamts2
2.49397316737863e-44	0.842533221430769	0.509	0.109	3.79732354465071e-40	3	Lrg1
5.31227646563513e-42	0.473824027900234	0.395	0.051	8.08847214657604e-38	3	Spon1
2.71701971005686e-40	0.560363647223167	0.807	0.652	4.13693421053258e-36	3	Plpp3
1.26603580105324e-39	0.461960268799877	0.307	0.03	1.92766611068366e-35	3	Cpxm1
3.87730013127366e-39	0.419488096778457	0.452	0.084	5.90357717987727e-35	3	Psmb8
3.07376539498669e-35	0.398482240801086	0.307	0.035	4.68011519040673e-31	3	Tcf21
5.33851840015593e-35	0.786642443876116	0.342	0.048	8.12842811607743e-31	3	H2-Ab1
5.63115651620351e-35	0.623896277849784	0.461	0.135	8.57399891157146e-31	3	Mdk
4.10885563613597e-34	0.73302582316775	0.272	0.025	6.25614359158062e-30	3	H2-Aa
1.44557795933523e-32	0.489548225318706	0.702	0.465	2.20103700088381e-28	3	Scarb2
2.18236457433102e-32	0.706561381356286	0.904	0.684	3.32286830087641e-28	3	Fgl2
6.23636090412828e-32	0.535634558257969	0.412	0.096	9.49548311262572e-28	3	Gpm6b
1.44577706174009e-31	0.637131815381483	0.268	0.027	2.20134015420547e-27	3	H2-Eb1
1.85356267834179e-31	1.5056420633245	0.421	0.105	2.82223453404321e-27	3	Ifi27l2a
3.27645038545403e-31	0.285710005459358	0.268	0.027	4.98872335689231e-27	3	Gm10600
4.55318831138167e-31	0.674902181685643	0.991	0.847	6.93268452290973e-27	3	Lum
5.51496426559354e-31	0.514037683343188	0.781	0.669	8.39708459079272e-27	3	Gabarapl1
2.26536559380094e-30	0.547806144492071	0.807	0.612	3.44924565312132e-26	3	Tmem176a
2.27384356928377e-30	0.317227313702698	0.382	0.075	3.46215421859146e-26	3	Vmn2r97
2.72813967894974e-29	0.376483009911791	0.789	0.699	4.15386547516887e-25	3	Colec12
7.40600821929208e-29	0.547391980062875	0.614	0.261	1.12763881146941e-24	3	Nr2f2
8.33313752996775e-29	0.567353295003314	0.518	0.165	1.26880352031289e-24	3	Gm12216
8.9701878474073e-29	0.392200495689968	0.732	0.667	1.36580080164624e-24	3	Plxdc2
1.52045322501753e-28	1.14925047521547	0.32	0.06	2.3150420804117e-24	3	Cd74
4.41032102563992e-28	0.406529981740103	0.465	0.132	6.71515479363935e-24	3	Flrt2
1.05707555339648e-27	0.386280419466951	0.377	0.082	1.60950323760147e-23	3	Nfasc
3.02261704073559e-27	0.34701897357699	0.333	0.068	4.60223670622401e-23	3	Gfra1
3.21003423775868e-27	0.484266767593853	0.763	0.695	4.88759813041136e-23	3	1110008P14Rik
5.39194158674372e-27	0.642666913310308	0.5	0.186	8.20977025997598e-23	3	Bok
1.16478010105586e-26	0.422625130578799	0.518	0.202	1.77349418186766e-22	3	Tgfbr2
1.57633451359423e-26	0.429202956522497	0.592	0.239	2.40012693039857e-22	3	Gstt1
1.75917538562704e-26	0.458419114850521	0.557	0.233	2.67852044215573e-22	3	St3gal4
4.31117777637949e-26	0.533930752593358	0.728	0.636	6.56419928231541e-22	3	Ace
4.58449593977598e-26	0.445052107211628	0.268	0.041	6.98035351790291e-22	3	Sfrp1
6.72098695938846e-26	0.696922566327246	0.978	0.916	1.02333747443649e-21	3	Ccdc80
7.45827977227473e-26	0.732437319787054	0.298	0.075	1.13559767812655e-21	3	Cygb
2.98232453047276e-25	0.296347459626537	0.298	0.054	4.54088733009782e-21	3	Ism1
3.93216138690125e-25	0.404943588359641	0.206	0.02	5.98710892769584e-21	3	Hsd11b1
4.30846886395049e-24	0.619794524958821	0.338	0.074	6.56007469225102e-20	3	Serpinf1
5.8739172026277e-24	0.326913391052374	0.39	0.103	8.94362633272093e-20	3	Marcks
1.13916806636397e-23	0.323783522100821	0.329	0.073	1.73449729784578e-19	3	Art4
1.91491911184123e-23	0.554535298054096	0.93	0.866	2.91565583968946e-19	3	Dkk3
2.3220165283246e-23	0.511202614754088	0.43	0.158	3.53550236602703e-19	3	Kcnj8
3.13386790866546e-23	0.486443393998615	0.439	0.141	4.77162727773403e-19	3	Vwc2
4.33266744532132e-23	0.514975616339651	0.289	0.055	6.59691945224624e-19	3	Iigp1
4.53054767897876e-23	0.372681360134102	0.566	0.234	6.89821189601306e-19	3	Pnp
6.22977488193548e-23	0.437728565826822	0.434	0.159	9.48545523523495e-19	3	Slc43a3
1.0900652609186e-22	0.303020563480477	0.421	0.127	1.65973336627466e-18	3	Xdh
1.25537156540639e-22	0.438014575203523	0.469	0.187	1.91142874548777e-18	3	Adamts5
3.0182525371389e-22	0.41456955219574	0.566	0.246	4.59559131304769e-18	3	C1ra
3.08795481394303e-22	0.373978069520853	0.557	0.228	4.70171999970966e-18	3	Cx3cl1
3.19619072477436e-22	0.595793305386266	0.575	0.308	4.86651999754144e-18	3	Fxyd6
3.95865440719401e-22	0.406307769601711	0.706	0.54	6.0274472003936e-18	3	Alcam
5.69343186644857e-22	0.425857848781575	0.443	0.151	8.66881935985459e-18	3	Atp1b1
7.63728119169545e-22	0.372431989713701	0.952	0.895	1.16285243424755e-17	3	Nfib
1.56255456603097e-21	0.273386363212586	0.224	0.03	2.37914558223876e-17	3	Cd55
2.37600716830849e-21	0.359801457889356	0.412	0.139	3.61770851446651e-17	3	Man2a1
5.29419251338847e-21	0.405853866057174	0.557	0.256	8.06093752088528e-17	3	Pde1a
7.37314381927224e-21	0.366231785905629	0.531	0.221	1.12263487792239e-16	3	Selenbp1
1.0707919257476e-20	0.603161013030673	1	0.984	1.63038778614329e-16	3	Mt1
5.41128969132605e-20	0.425969391604839	0.377	0.123	8.23922968401304e-16	3	Gda
5.74564417429961e-20	0.321816832702886	0.825	0.805	8.74831781978859e-16	3	Arpc3
6.24292611670609e-20	0.308086513805586	0.377	0.12	9.50547930529669e-16	3	Nrp1
6.74517890465555e-20	0.390592480441992	0.803	0.646	1.02702094002285e-15	3	H2-K1
1.19375214550806e-19	0.361005046609967	0.491	0.205	1.81760701675058e-15	3	Osmr
1.56776680949828e-19	0.401335646983442	0.531	0.225	2.38708174414208e-15	3	Gas7
1.62517494140501e-19	0.372062405374357	1	0.998	2.47449136578327e-15	3	Ftl1
2.05063186361005e-19	0.373918043023423	0.474	0.181	3.12229207553266e-15	3	Olfml3
2.2639159414244e-19	0.425861715391274	0.829	0.72	3.44703841241279e-15	3	Zfp36l1
2.28746940329977e-19	0.406121081556891	0.504	0.217	3.48290091346423e-15	3	Abcc9
9.94743358585987e-19	0.688897334685418	0.408	0.148	1.51459623778302e-14	3	Dpt
1.07195655787554e-18	0.817177290158169	0.675	0.512	1.63216105502129e-14	3	Lcn2
1.22477294487145e-18	0.367425383000015	0.39	0.138	1.86483928586128e-14	3	Kcne4
3.92770018153426e-18	0.311091627297521	0.254	0.055	5.98031629640406e-14	3	Steap4
4.24008930544124e-18	0.624486177858009	0.518	0.265	6.45595997646483e-14	3	Ly6e
4.82011956795775e-18	0.292906614750003	0.377	0.124	7.33911405417247e-14	3	Mfap2
5.53897754518718e-18	0.364564582504531	0.522	0.23	8.43364721030201e-14	3	C1s1
5.9719339033278e-18	0.307497561117495	0.803	0.728	9.09286656120691e-14	3	Cd302
6.87540283321711e-18	0.308358530558435	0.294	0.076	1.04684883538564e-13	3	Maob
8.67689608543237e-18	0.313827352556103	0.838	0.754	1.32114419796793e-13	3	Scn1b
9.41239385518675e-18	0.31765788421527	0.434	0.163	1.43313108839073e-13	3	Dclk1
1.02300151664103e-17	0.506778037822141	0.991	0.971	1.55762210923763e-13	3	Tm4sf1
2.09889410902641e-17	0.523160398812377	0.829	0.76	3.19577617040362e-13	3	Sncg
2.34744160999472e-17	0.368809783009627	0.868	0.737	3.57421459537796e-13	3	B4galt1
2.84339833851589e-17	0.325162906740969	0.338	0.104	4.3293583102243e-13	3	Penk
3.22873354224781e-17	0.275839953075799	0.978	0.968	4.91606969142651e-13	3	Selenom
3.85660592013515e-17	0.299251690341758	0.991	0.964	5.87206817399778e-13	3	Lhfp
5.05733213877771e-17	0.294553745338567	0.868	0.804	7.70029391450294e-13	3	Cyba
5.77975678515817e-17	0.274344087776689	0.237	0.054	8.80025768108182e-13	3	Ephx2
6.74397418202195e-17	0.585940388082089	0.974	0.898	1.02683750895466e-12	3	Mt2
6.98704335841041e-17	0.313657558855042	0.702	0.612	1.06384722175157e-12	3	Sulf2
8.97322113373522e-17	0.438123852335405	0.917	0.871	1.36626264982252e-12	3	Cebpb
1.05219731437074e-16	0.333737794073083	0.658	0.387	1.60207563086088e-12	3	Glul
1.13905853171975e-16	0.678522881017666	0.868	0.751	1.73433052039649e-12	3	Gm9973
1.69079104537169e-16	0.334816123439173	0.294	0.093	2.57439844568294e-12	3	Cxcl16
2.14122079197994e-16	0.304341237937172	0.434	0.181	3.26022277786866e-12	3	Nrip1
3.64507119167923e-16	0.288785645902755	1	0.993	5.54998539645079e-12	3	Ifitm2
3.76952165672599e-16	0.587848701565807	0.868	0.722	5.73947367453099e-12	3	Olfr1033
8.35731354438732e-16	0.336643381581411	0.351	0.118	1.27248456026841e-11	3	Mafb
9.82099952753436e-16	0.289381308204741	0.373	0.148	1.49534538806238e-11	3	Psmb10
1.05528552967555e-15	0.320415542960086	0.325	0.122	1.60677774748399e-11	3	Bicc1
1.06562556106196e-15	0.278031253051852	0.421	0.175	1.62252147927295e-11	3	Ube2l6
1.25368886581324e-15	0.3173851066431	0.882	0.798	1.90886666708724e-11	3	Fuca1
1.7845845477087e-15	0.291485823604058	0.482	0.226	2.71720843234126e-11	3	H2-T22
2.37261946842331e-15	0.365703766439257	0.307	0.096	3.61255040262133e-11	3	Trf
2.89296149447488e-15	0.526362198441422	0.333	0.112	4.40482317148745e-11	3	Isg15
4.94744800472824e-15	0.270368563801595	0.548	0.275	7.53298433199922e-11	3	Meis2
6.89736834491025e-15	0.297119900854977	0.566	0.301	1.05019330419603e-10	3	Arl6ip1
7.96448041764474e-15	0.332665242163436	0.605	0.376	1.21267178839059e-10	3	Bmyc
9.62119163895039e-15	0.29066418201763	0.408	0.172	1.46492263894659e-10	3	Mrc2
1.26908416610451e-14	0.31272401959655	0.531	0.267	1.93230755131072e-10	3	Pik3r1
1.33803138189721e-14	0.37759708155578	0.456	0.238	2.0372865820767e-10	3	Isyna1
1.34120724866902e-14	0.385010946459525	0.662	0.495	2.04212215682345e-10	3	Gucy1a1
1.5782727410849e-14	0.398887942435924	0.921	0.741	2.40307807557587e-10	3	Vcam1
1.78200873638633e-14	0.351146953939518	0.947	0.838	2.71328650202182e-10	3	Rarres2
2.15854843513769e-14	0.88530079701234	0.474	0.432	3.28660584734064e-10	3	Cxcl1
2.21270043051209e-14	0.329357092374395	0.978	0.852	3.36905767549771e-10	3	Dcn
2.82491263735718e-14	0.696811425263926	0.175	0.058	4.30121198164005e-10	3	Igfbp5
2.85099185282149e-14	0.342798693762541	0.798	0.732	4.340920195106e-10	3	Lgmn
3.26544274446141e-14	0.375741125365758	0.956	0.898	4.97196312271694e-10	3	H2-D1
3.6604104031814e-14	0.354486422663054	0.904	0.845	5.573340879884e-10	3	Lrp1
4.35535480330299e-14	0.275761406952908	0.728	0.622	6.63146322350914e-10	3	Tapbp
4.85605755721761e-14	0.284297206552761	0.447	0.202	7.39383323661954e-10	3	Plvap
5.59953771501851e-14	0.343940441516477	0.996	0.982	8.52585612488718e-10	3	Ctsb
1.13790396660591e-13	0.474491701400914	0.294	0.097	1.73257257955416e-09	3	Tnfaip6
1.7931307524434e-13	0.324599442152163	0.588	0.39	2.73022088367033e-09	3	Nab1
2.49009359189968e-13	0.376887742396374	0.439	0.198	3.79141650302645e-09	3	Tgfbi
4.81943998261229e-13	0.331008027065329	0.636	0.547	7.33807931752547e-09	3	Emb
5.21782516583994e-13	0.360390287647045	0.285	0.097	7.9446605975079e-09	3	Tubb3
8.05298476739503e-13	0.374653973568213	0.61	0.476	1.22614746068357e-08	3	Col14a1
1.23173272461702e-12	0.356530058535078	0.904	0.862	1.87543624650187e-08	3	Egr1
1.35621768664857e-12	0.273509499628241	0.899	0.849	2.06497704969112e-08	3	Emilin1
1.76151910052826e-12	0.292277968388864	0.101	0.011	2.68208898246432e-08	3	Adamts4
2.26224061586825e-12	0.301392746693688	0.5	0.266	3.44448756172099e-08	3	Igsf3
2.36077394894138e-12	0.490719479531077	0.75	0.659	3.59451441465815e-08	3	Saa3
2.58645384804049e-12	0.346307433458645	0.956	0.901	3.93813462902646e-08	3	Mxra8
3.98742421818182e-12	0.319513669288285	0.175	0.042	6.07125211460364e-08	3	Irf7
4.34332373235848e-12	0.275944316095852	0.443	0.226	6.61314471488903e-08	3	Mettl7a1
4.68325026638025e-12	0.281412951777509	0.368	0.158	7.13071685559056e-08	3	Gm45551
5.58736708051975e-12	0.269486340541904	0.206	0.053	8.50732511679936e-08	3	G0s2
5.95792407656883e-12	0.325112752417319	1	1	9.07153519898369e-08	3	Fth1
4.75740991807217e-11	0.275299451152787	0.346	0.155	7.24363234125669e-07	3	Kcnj15
6.27773494058371e-11	0.345967880350217	0.386	0.197	9.55847922053276e-07	3	Lgals3bp
6.33106468893849e-11	0.383488653358382	0.89	0.831	9.63967909537775e-07	3	Cebpd
7.19095501662302e-11	0.360994695746757	0.417	0.207	1.09489481083102e-06	3	Irf1
1.42011239450911e-10	0.294208162578613	0.123	0.026	2.16226313187957e-06	3	Colec11
1.45333935378957e-10	0.275673337879753	0.956	0.88	2.21285450008e-06	3	Mmachc
2.84861050397066e-10	0.331893313978387	0.794	0.785	4.33729435334573e-06	3	Klf4
4.2970720245844e-10	0.636067707540164	0.149	0.033	6.5427218646322e-06	3	Ccl2
4.54192166717066e-10	0.290151694772173	0.728	0.63	6.91552993043405e-06	3	Ebf1
7.08102362825232e-10	1.00699908398853	0.114	0.027	1.0781566576377e-05	3	Il6
1.54347335542036e-09	0.377324620242472	0.548	0.382	2.35009253096304e-05	3	Bst2
1.89395926008064e-09	0.336284148971814	0.93	0.901	2.88374236939879e-05	3	Jun
2.74249071045901e-09	0.272746686206563	0.452	0.262	4.17571635574489e-05	3	Gpc6
4.52336572956568e-09	0.337420239133505	0.289	0.128	6.8872766598367e-05	3	Speer6-ps1
1.10231605416571e-08	0.303993710643769	1	1	0.000167838642407272	3	Mgp
1.39625774990694e-08	0.290927955352418	0.553	0.478	0.000212594205000831	3	Ptp4a3
1.78925380597354e-08	0.326375780515525	0.921	0.839	0.000272431784497531	3	Nfia
5.106638400685e-08	0.381491398918399	0.285	0.336	0.000777536762888299	3	Ly6a
7.46873147840822e-08	0.279491982659225	0.781	0.718	0.00113718905490244	3	Zfp36
7.5292350446133e-08	0.66201211489846	0.285	0.14	0.00114640132789282	3	Ptn
7.75188783572682e-08	0.269984082934944	0.561	0.385	0.00118030244186777	3	Jag1
8.12257226408729e-08	0.273059245263479	0.684	0.633	0.00123674285292993	3	Ppp1r15a
1.30616286675715e-07	0.303468983709105	0.961	0.934	0.00198876358092444	3	Junb
2.10076014161293e-07	0.31478020842566	0.807	0.78	0.00319861739161985	3	Fosb
2.37498862605891e-07	0.556005519030899	0.912	0.965	0.00361615768203729	3	Gsn
4.79259877112764e-07	0.295588964444541	0.294	0.261	0.00729721088891895	3	Mmp3
9.47621392452445e-07	0.547937665343013	0.101	0.025	0.0144284833214809	3	Ccl7
1.460215712053e-06	0.29497606159497	0.105	0.058	0.022233244431719	3	F13a1
1.90113970078957e-06	0.489021493676293	0.132	0.051	0.028946753084222	3	Ifit1
3.26931066384042e-06	0.559964794240468	0.254	0.138	0.0497785241676342	3	Tnnt2
9.0885188423309e-06	0.282933975955707	0.373	0.251	0.13838178789333	3	Noct
9.6866911853977e-06	0.272248228271113	0.996	0.996	0.147489559988865	3	B2m
2.50018909264905e-05	0.271944854380111	0.175	0.078	0.380678791246745	3	Ifit3
2.8819360300334e-05	0.282322853508494	0.36	0.218	0.438803579932886	3	Pim1
6.84722752081426e-05	0.740862653599612	0.149	0.118	1	3	Rgs5
8.4868537702193e-05	0.385459420953048	0.14	0.056	1	3	Cxcl2
0.000249382489234039	0.297728612932184	0.671	0.622	1	3	Itih4
1.74315300211985e-138	1.31618308454386	1	0.938	2.65412476102769e-134	4	Ap1s3
2.15802898611794e-93	1.20238167061775	0.572	0.299	3.28581493426317e-89	4	Nfxl1
2.23659431093327e-91	1.0561891659654	1	0.733	3.40543849782699e-87	4	Zfp738
1.97037519535394e-83	0.895265755983568	0.336	0.261	3.0000932724459e-79	4	Lingo1
4.26320686420002e-68	0.496319669650806	0.171	0.19	6.49115877143096e-64	4	Ssh3
1.04294469794405e-65	0.413935962068184	0.204	0.245	1.58798759708962e-61	4	Vmn2r115
3.32558349075638e-63	0.663194929230059	0.309	0.332	5.06353342302567e-59	4	Lsm12
9.20611571119762e-60	0.719224868120723	0.303	0.145	1.40172317818695e-55	4	Olfr1310
6.93592085835615e-58	0.923123856428488	1	0.98	1.05606330989331e-53	4	Snhg11
1.55039893306648e-55	0.5788579189156	0.23	0.164	2.36063741548702e-51	4	Olfr652
2.19862818108724e-52	0.456935826552348	0.289	0.395	3.34763126852344e-48	4	Wac
5.72566355756352e-52	0.38752361216424	0.211	0.33	8.71789533274622e-48	4	Sbno1
5.22295307937937e-51	0.351922736802108	0.197	0.233	7.95246835866303e-47	4	Zbtb45
5.29076566029602e-49	0.358909984368426	0.217	0.315	8.05571979436671e-45	4	Azin1
5.97422887394255e-49	0.294454920591146	0.178	0.291	9.09636088346492e-45	4	R3hdm1
8.57142259491273e-49	0.411198095443356	0.322	0.43	1.30508480430141e-44	4	Slbp
6.79055145016706e-48	0.337639523541527	0.178	0.221	1.03392936380244e-43	4	Heatr5a
3.97449720516874e-46	0.433661177878538	0.257	0.315	6.05156944458992e-42	4	Ankfy1
9.69842535952837e-46	0.342990405018975	0.204	0.299	1.47668224524179e-41	4	Ano6
1.9899353730548e-44	0.320195472187735	0.184	0.262	3.02987559901324e-40	4	Zmym6
2.69488140199241e-43	0.383966924040127	0.164	0.152	4.10322642267364e-39	4	Kif18a
4.11733543402551e-43	0.382480558170393	0.211	0.178	6.26905493184724e-39	4	Vmn2r76
4.44584447492901e-43	0.813028957934668	0.836	0.546	6.76924279752692e-39	4	Olfr769
2.04063362180691e-42	0.419881025373376	0.197	0.273	3.1070687525632e-38	4	Kdm5b
6.0065447279761e-42	0.472227221474337	0.217	0.245	9.14556500281641e-38	4	Plekhg2
9.07866947396877e-42	0.592129187671377	0.316	0.291	1.38231821410648e-37	4	Slfn5
1.42477744439294e-41	0.383235324692888	0.211	0.218	2.16936613683268e-37	4	Atad2
9.96377047393425e-39	0.562023963278616	0.257	0.229	1.51708369236123e-34	4	Igsf9b
2.43992283989887e-38	0.36266317061768	0.178	0.167	3.71502651603001e-34	4	Phf14
2.68637619017271e-38	0.260411196643397	0.211	0.354	4.09027638715697e-34	4	Eef1akmt3
3.89303507642984e-38	0.278034348065281	0.118	0.113	5.92753520737207e-34	4	Flcn
6.03388110458962e-38	0.311310560144578	0.132	0.12	9.18718736984816e-34	4	Sipa1l3
8.65163247718027e-38	0.259340929926658	0.118	0.156	1.31729756097547e-33	4	Trappc8
6.12245618412269e-37	0.355068246201864	0.243	0.274	9.32205178594521e-33	4	Rbm4b
1.31337264207315e-36	0.784308901976741	0.961	0.704	1.99974118482057e-32	4	Picalm
3.30920296606247e-36	0.304531994055109	0.164	0.239	5.03859243612672e-32	4	AC149090.1
3.35290543574584e-36	0.263839812795918	0.105	0.147	5.10513381646662e-32	4	Cplane1
5.44343842343969e-36	0.82846320740805	0.98	0.69	8.28817934352927e-32	4	Srsf2
1.85681193854686e-35	0.270918056977851	0.217	0.281	2.82718185763146e-31	4	Maml2
2.46059786311048e-35	0.899321651616686	0.763	0.472	3.74650630637202e-31	4	Pycard
9.45177088979232e-35	0.332047254240228	0.224	0.23	1.43912663567978e-30	4	Rnf214
1.30638763491072e-34	0.296340527686607	0.191	0.261	1.98910581291506e-30	4	Bcl2
1.56541573093134e-34	0.258055273374927	0.118	0.146	2.38350199191606e-30	4	Actr5
1.51747089355112e-33	0.295716750411569	0.178	0.161	2.31050118252093e-29	4	Sppl3
1.92174303972201e-33	0.649178876314154	0.895	0.56	2.92604595228073e-29	4	Brd4
1.14050136753502e-32	0.549722888255911	0.237	0.183	1.73652738220883e-28	4	Lyrm1
6.57391731468689e-32	0.760724313519767	0.98	0.775	1.00094465033423e-27	4	Tra2b
1.36608174342635e-31	0.330822564762021	0.263	0.303	2.07999606254095e-27	4	Amd2
1.37123459819132e-31	0.258324166418829	0.138	0.132	2.0878417992061e-27	4	Vmn2r3
6.47467593070846e-31	0.6718773650798	0.947	0.645	9.85834157209671e-27	4	Sfpq
9.98750379099802e-31	0.704391623196023	0.993	0.81	1.52069732721736e-26	4	Fus
2.20729030546719e-30	0.31403038514894	0.211	0.209	3.36082021910435e-26	4	Stim2
1.73550467411905e-29	0.354958721460898	0.25	0.304	2.64247941681367e-25	4	Nasp
2.56604083535082e-29	0.58322119145765	0.947	0.575	3.90705377590516e-25	4	Ncoa3
2.66087423349722e-29	0.297711132049052	0.178	0.142	4.05144710792287e-25	4	Gm47951
1.97572366456969e-28	0.270232950913627	0.125	0.112	3.00823685167382e-24	4	Det1
2.77794307394192e-28	0.325263906758194	0.217	0.22	4.22969612438397e-24	4	Spaca6
3.11172595641125e-28	0.251398111880871	0.178	0.245	4.73791394123178e-24	4	Usp53
7.05354068849251e-28	0.312592693790311	0.178	0.179	1.07397210522987e-23	4	Plk4
1.01090895717643e-27	0.648805576535867	0.921	0.609	1.53920997819683e-23	4	Clk1
1.10760271155941e-27	0.865051701297476	0.961	0.621	1.68643588862036e-23	4	Kdm6b
3.62878577932536e-27	0.324497619060626	0.171	0.149	5.5251892276008e-23	4	Cog5
5.30402606103567e-26	0.253794296720146	0.132	0.152	8.07591008053292e-22	4	Cyp4f17
7.56949921962265e-26	0.632169494045383	0.901	0.559	1.15253195117975e-21	4	Ank2
1.39077568187183e-25	0.278322022183929	0.178	0.237	2.11759505321804e-21	4	Nav2
1.57865528529143e-25	0.267098375917008	0.145	0.13	2.40366053738473e-21	4	Gsap
4.62786622524907e-25	0.624993651872047	0.928	0.584	7.04638911456423e-21	4	Skil
5.24254247594816e-25	0.59984729327846	0.993	0.806	7.98229517387867e-21	4	Luc7l2
1.07910511429591e-23	0.604794132826787	0.954	0.708	1.64304544702696e-19	4	Akap13
1.08668911404742e-23	0.320195472187735	0.217	0.299	1.65459284504861e-19	4	Per3
2.01645980024243e-23	0.597582891832846	0.993	0.846	3.07026169184912e-19	4	Son
2.83489559389252e-23	0.391279056645737	0.309	0.408	4.31641203126076e-19	4	Carmil1
5.20543426113309e-23	0.309246575923727	0.112	0.112	7.92579420600124e-19	4	Apol9a
8.67327567514055e-23	0.346147224990489	0.375	0.443	1.3205929542969e-18	4	Ubap2l
1.11950318540969e-22	0.577646627129346	1	0.785	1.7045555501048e-18	4	Ncam1
1.20803006070008e-22	0.490444579229063	0.941	0.587	1.83934657042194e-18	4	Notch2
3.99874038836135e-22	0.579996201043563	1	0.856	6.088482115319e-18	4	Brd2
3.47783732245031e-21	0.26505121500758	0.954	0.618	5.29535510716285e-17	4	Adamts1
3.82546764412288e-21	0.26423841654921	0.98	0.668	5.8246570349415e-17	4	Dusp3
1.52163548283495e-20	0.481279887022641	0.145	0.069	2.31684218616449e-16	4	Vmn2r73
3.77290080000569e-20	0.510485060306332	0.914	0.566	5.74461875808866e-16	4	Iqsec1
3.78263071243985e-20	0.365299596650966	0.954	0.645	5.75943352276091e-16	4	Saa3
5.16766208347565e-20	0.411528525583794	0.987	0.691	7.86828228830002e-16	4	Cdkn1a
2.47339660613527e-19	0.453455270447216	0.895	0.547	3.76599367250156e-15	4	Inpp4a
7.21880769144122e-19	0.55126026857409	0.961	0.743	1.09913565909884e-14	4	D10Wsu102e
8.69012037107116e-19	0.495072722092453	0.921	0.597	1.32315772769929e-14	4	Enah
1.29259351668243e-18	0.453857858518793	0.98	0.719	1.96810288850067e-14	4	Olfr1033
1.78244673407504e-18	0.267501171890903	0.921	0.586	2.71395339730265e-14	4	Ccnl1
2.15576314617463e-18	0.362537448839809	0.993	0.73	3.28236496636549e-14	4	Lrrc8a
2.66051117128286e-18	0.632422649528016	0.993	0.882	4.05089430939529e-14	4	Ltbp1
2.90793358955266e-18	0.525173018246951	0.993	0.812	4.42761968345288e-14	4	Tcf7l2
7.74803537800405e-18	0.376803696984574	0.908	0.575	1.1797158666549e-13	4	Gadd45g
8.52106700177989e-18	0.393591981100825	0.961	0.685	1.29741766169101e-13	4	Tacc1
1.32244371284794e-17	0.493605535686289	1	0.982	2.01355279718227e-13	4	Sdc4
1.67036041964739e-17	0.368685918186685	1	0.778	2.54329077495511e-13	4	Serpine1
2.31404562929687e-17	0.501804545432322	0.967	0.742	3.52336587516742e-13	4	Srrm2
2.45467357209725e-17	0.308492755497666	0.914	0.588	3.73748598087528e-13	4	Timp3
2.66643677407809e-17	0.436867101317384	0.875	0.539	4.0599166322113e-13	4	Raph1
2.82985081238081e-17	0.569621635879014	0.914	0.635	4.30873084693102e-13	4	BC005537
4.53969912573289e-17	0.25801902402288	0.112	0.048	6.91214588884089e-13	4	Vmn1r229
5.69291530752332e-17	0.302616997342568	0.125	0.05	8.668032847235e-13	4	Gm45268
6.08566438019668e-17	0.496902465227344	0.961	0.748	9.26603258528746e-13	4	Wnk1
7.38558674115741e-17	0.409161844610226	1	0.782	1.12452943720863e-12	4	Rbpms
9.73529425441719e-17	0.433624538142073	1	0.88	1.48229590317756e-12	4	Mmachc
1.15204540836797e-16	0.434208261037753	0.934	0.648	1.75410433878107e-12	4	Kmt2d
1.50507543328041e-16	0.335660108801806	0.98	0.721	2.29162785471275e-12	4	Tmf1
3.77218525061713e-16	0.427103008142624	0.868	0.585	5.74352926258964e-12	4	Auts2
4.59710063878905e-16	0.25582518085247	0.993	0.758	6.9995454326202e-12	4	Pcdh7
4.88541442424119e-16	0.452304052146335	0.836	0.51	7.43853200234964e-12	4	Chka
1.12723215546844e-15	0.339717012199892	0.895	0.587	1.71632367991625e-11	4	Sf3b1
1.23103678643723e-15	0.300685470341783	0.947	0.663	1.87437661102932e-11	4	Sgk1
1.89879898950127e-15	0.316392438294561	0.947	0.666	2.89111134141464e-11	4	Efna5
2.84388804602853e-15	0.454928066157892	1	0.845	4.33010393888304e-11	4	Btg2
3.90819696326452e-15	0.652693174370914	1	0.977	5.95062069626655e-11	4	Pam
4.50937538239527e-15	0.302055995378373	0.329	0.393	6.86597495723504e-11	4	Myom1
4.61120997061361e-15	0.339324405017518	0.888	0.582	7.02102830125629e-11	4	Bcl2l1
5.88602600813901e-15	0.308592547182607	0.375	0.409	8.96206319999245e-11	4	Jag1
9.25331507378965e-15	0.369179453588126	1	0.842	1.40890975313521e-10	4	Slc38a2
1.08684612552051e-14	0.372906194694822	0.888	0.597	1.65483191071753e-10	4	Srsf7
1.17072331451195e-14	0.297418878482099	0.921	0.632	1.7825433186759e-10	4	Foxn3
1.26519962484013e-14	0.494355519026609	0.822	0.525	1.92639294878158e-10	4	Slc5a3
4.12000162759835e-14	0.26617459460498	0.914	0.631	6.27311447818125e-10	4	Klf10
4.89330189254153e-14	0.402132376070983	0.822	0.541	7.45054146158373e-10	4	Map2k3
5.77668856575579e-14	0.417039377511928	1	0.952	8.79558601021977e-10	4	Ddx5
9.30644542542466e-14	0.420687010734058	0.908	0.643	1.41699938047516e-09	4	Kank1
1.40098729187291e-13	0.498589153908483	1	0.888	2.1331432506057e-09	4	Sat1
1.68964764451873e-13	0.447698365155452	0.809	0.548	2.57265750354422e-09	4	Fry
1.7004305909825e-13	0.26152345791636	0.967	0.729	2.58907561782996e-09	4	Zbtb38
1.70078942651536e-13	0.254261502133295	0.921	0.647	2.58962198081229e-09	4	Pdcd4
1.79067621607774e-13	0.284595967749579	0.993	0.793	2.72648360659997e-09	4	Col18a1
4.89093369569203e-13	0.545759220802615	0.645	0.456	7.44693564506068e-09	4	Hk2
5.9491887284497e-13	0.426890163599718	0.888	0.62	9.05823475793751e-09	4	Ebf1
1.44883632911053e-12	0.334634540421615	0.934	0.7	2.20599819470369e-08	4	Hnrnpl
1.54407942224586e-12	0.4914621063849	0.993	0.877	2.35101532831155e-08	4	Ccn1
1.69099145652614e-12	0.48750890363409	0.803	0.559	2.57470359170669e-08	4	Prrc1
2.03470846646456e-12	0.344341392104891	0.954	0.727	3.09804711103894e-08	4	Tpm3
2.20258045875212e-12	0.40777508260185	0.967	0.761	3.35364900649598e-08	4	Klf6
4.45689858842123e-12	0.263849378512391	0.914	0.656	6.78607379073016e-08	4	Rock2
5.36600895934565e-12	0.315032448037753	0.145	0.214	8.17028524149969e-08	4	Gm12216
6.54346344539319e-12	0.36104085140972	0.882	0.639	9.96307744195568e-08	4	Top1
9.27832640289027e-12	0.312799271030724	0.908	0.661	1.41271797810407e-07	4	Snrnp70
4.66199897423408e-11	0.29214265200649	1	0.87	7.09835963816881e-07	4	Btg1
7.52719030772835e-11	0.38266383732435	0.763	0.541	1.14608999625472e-06	4	Bclaf1
1.20624460566111e-10	0.270531969860167	0.98	0.795	1.83662803657961e-06	4	2010111I01Rik
1.68023600223753e-10	0.314382430809749	1	0.917	2.55832733700686e-06	4	Klf13
2.25890195690349e-10	0.360538164043559	0.987	0.828	3.43940411958125e-06	4	Zfp101
3.05517014418258e-10	0.261759573577002	0.888	0.646	4.6518020615324e-06	4	Tmbim1
3.74692143062853e-10	0.335108662785301	1	0.977	5.705062570275e-06	4	Zbtb20
5.41905053485495e-10	0.320955755049568	0.829	0.573	8.25104634437015e-06	4	Camk2d
1.75839278966244e-09	0.311016997322745	0.993	0.919	2.67732886154003e-05	4	Rbm39
2.20684073441387e-09	0.34360033356535	0.711	0.532	3.36013570221856e-05	4	Cflar
2.54357045203448e-09	0.293173690435098	0.987	0.829	3.87284037026771e-05	4	Rsrp1
2.59785899184391e-09	0.254962495095404	1	0.896	3.95550010098154e-05	4	Jun
3.51491636708036e-09	0.35093653156745	0.572	0.485	5.35181166051655e-05	4	Birc6
1.00532234277001e-08	0.334702587537464	0.711	0.53	0.000153070379910162	4	Nisch
2.44857557971323e-08	0.290699543641854	0.993	0.966	0.000372820117767136	4	Mbnl1
4.50730914975889e-08	0.264866200598015	0.73	0.489	0.000686282891142288	4	Bhlhe41
5.07800711862342e-08	0.320271226894033	0.98	0.854	0.000773177363881602	4	Pecam1
2.88772671181252e-07	0.283466778079732	0.783	0.565	0.00439685269140574	4	Cbx1
3.41097218472863e-07	0.306991150831411	0.776	0.565	0.00519354624846781	4	Pdlim5
6.2276487654914e-07	0.27693966870458	1	0.938	0.0094822180103372	4	Fos
9.53490021126425e-07	0.26804122208622	0.553	0.507	0.0145178390616709	4	Matr3
2.23777677803894e-06	0.312053169731262	0.618	0.516	0.0340723892224208	4	Eprs
8.76840701507348e-06	0.295612328127759	0.664	0.523	0.133507765211509	4	Sptan1
3.34461755739049e-05	0.307953966435595	0.671	0.521	0.509251469288276	4	Tnrc6c
0.000138281555418489	0.266394371152151	0.664	0.488	1	4	Vmp1
0.000430151658682354	0.253557319407474	0.566	0.472	1	4	Nmt2
7.12750272486021e-80	1.26745697998533	1	0.669	1.08523356488721e-75	5	Myh11
2.08201452445898e-77	1.09626210743621	1	0.815	3.17007531494124e-73	5	Flna
4.90629460538438e-77	0.985395380161283	0.978	0.474	7.47032416615825e-73	5	Synpo2
8.65028992558903e-76	1.02355080498128	1	0.729	1.31709314407019e-71	5	Mylk
2.31793636139283e-75	1.14320920279293	1	0.661	3.52928990385673e-71	5	Ppp1r14a
2.89915291673836e-75	1.15908961923239	1	0.983	4.41425023102582e-71	5	Dstn
2.14154881486156e-72	0.972986943231709	0.993	0.495	3.2607222255082e-68	5	Sh3bgr
2.28460457905833e-71	0.977801187531822	0.993	0.776	3.47853893207421e-67	5	Gstm1
1.64285569979143e-70	1.01671083795902	0.993	0.682	2.50141208850243e-66	5	Ogn
6.92040674719844e-70	1.1835742849673	1	0.663	1.05370113132843e-65	5	Cnn1
2.94281889352209e-69	0.963157099281151	0.91	0.187	4.48073604727673e-65	5	Optc
1.09295787825989e-66	0.95532631619131	0.985	0.66	1.6641376654385e-62	5	Msrb1
2.6348309977705e-64	1.05843296556282	1	0.871	4.01179367720536e-60	5	Csrp1
7.4605844571413e-64	1.16762486342383	1	0.855	1.13594858944433e-59	5	Tpm2
3.51588033909979e-62	1.21887827371802	0.91	0.614	5.35327940431334e-58	5	Atf3
6.22341042491351e-61	1.20313144493617	1	0.802	9.4757647129733e-57	5	Myl9
5.67726576679328e-60	0.96004334408918	1	0.855	8.64420485651945e-56	5	Tpm1
4.24654596725789e-58	0.854645481341417	1	0.721	6.46579088974686e-54	5	Lpp
6.2018335662266e-57	0.808692178283296	0.896	0.225	9.44291178793662e-53	5	St5
1.60753244765478e-56	0.813073814088806	1	0.753	2.44762890479916e-52	5	Pbxip1
6.43782529277588e-56	0.82130033035961	0.993	0.781	9.80223279078055e-52	5	Tns1
1.74886763086097e-55	0.773127818280013	0.963	0.602	2.66282585474891e-51	5	Pdlim7
2.07341283230769e-55	0.851207407527541	1	0.702	3.15697837847169e-51	5	Fblim1
6.53652391049276e-54	0.866954446034374	1	0.662	9.95251130611628e-50	5	Itga8
1.90829964264001e-53	0.875392262986331	1	0.997	2.90557703588367e-49	5	Myl6
2.84314623226812e-53	0.835620922389352	1	0.812	4.32897445325144e-49	5	Map1b
4.8658839824157e-53	0.734409889415115	1	0.746	7.40879495162614e-49	5	Smtn
8.21413197766221e-53	0.686717030044128	0.881	0.227	1.25068373491885e-48	5	1190005I06Rik
3.66904424074354e-52	0.774060533983223	1	0.962	5.58648676095611e-48	5	Ubc
5.89637547224924e-52	0.755059573839533	0.993	0.741	8.9778212940467e-48	5	Ppp1r12a
5.26160370173169e-50	0.727603443708725	0.993	0.68	8.01131779625667e-46	5	Cped1
6.58608307826118e-50	1.00319323611181	0.91	0.472	1.00279700949605e-45	5	Rbp4
6.6402779655483e-50	0.785394788763636	1	0.86	1.01104872303438e-45	5	Cald1
1.56213284108361e-49	1.07215667648999	1	0.828	2.37850346383391e-45	5	Tagln
4.34559427016719e-49	0.885147417275554	0.963	0.647	6.61660183575657e-45	5	Filip1l
6.65860626463602e-49	0.951605076683663	0.955	0.504	1.01383938985348e-44	5	Sparcl1
8.83536128551474e-49	0.764107350444877	1	0.821	1.34527210933247e-44	5	Actn1
1.53777967055825e-48	0.610767286637329	0.664	0.101	2.341423326392e-44	5	Asb2
1.00914139911354e-47	1.11814686087638	1	0.948	1.53651869429027e-43	5	Acta2
1.66308600143713e-47	0.494996484297176	0.493	0.035	2.53221474578818e-43	5	Krt18
3.23310652970575e-46	0.858570377007951	1	0.747	4.92272800212998e-42	5	Gm9973
8.67859752477174e-46	0.77289642145028	0.963	0.604	1.32140325912174e-41	5	Hspb6
1.28246221839333e-45	0.701707506015822	0.925	0.496	1.95267697372569e-41	5	Plcb4
1.9440885393581e-45	0.658437034558647	0.769	0.187	2.96006921002664e-41	5	Dsp
5.66530566124079e-45	0.762852372049273	0.955	0.608	8.62599439980523e-41	5	Bcam
9.13537840361042e-45	0.74560951018853	0.985	0.684	1.39095271573372e-40	5	Lmod1
9.49679533744296e-44	0.671938398191058	0.993	0.687	1.44598205807906e-39	5	Zyx
1.35067760333313e-43	0.838657801186781	1	0.849	2.05654171883503e-39	5	Csrp2
3.34574109752775e-43	0.572826395687464	0.642	0.106	5.09422539509575e-39	5	Ptprz1
5.14688093991736e-43	0.785217192961456	0.963	0.464	7.83664091911818e-39	5	Sost
5.16896365678572e-43	0.822662194259919	0.97	0.603	7.87026406382194e-39	5	Ccn3
7.9582198503282e-43	0.644374765646966	0.955	0.641	1.21171855441097e-38	5	Wfdc1
1.04063317277523e-42	0.632088605769902	1	0.914	1.58446806886756e-38	5	Sh3bgrl
1.41647027710955e-42	0.780437694519319	0.948	0.539	2.156717643927e-38	5	Tinagl1
1.42617120891847e-41	0.612051567364216	0.828	0.255	2.17148828269927e-37	5	Ppp1r12b
2.36092959874694e-41	0.669415584077122	1	0.979	3.5947514070521e-37	5	Cpe
3.47350297209264e-41	0.796862607758958	0.985	0.902	5.28875562530826e-37	5	Dusp1
6.72610613567539e-41	0.849311245716751	1	0.913	1.02411692021794e-36	5	Hspb1
9.81583749855887e-41	0.845911693000718	0.993	0.67	1.49455941753057e-36	5	Mfap4
1.18095573258184e-40	0.585556864348392	0.799	0.222	1.7981231984291e-36	5	Itga9
3.49652442993753e-40	0.879341102839661	0.851	0.584	5.32380809702288e-36	5	Ckb
1.17311326017164e-39	0.674858493842976	0.985	0.617	1.78618224993734e-35	5	Npnt
1.18461138412112e-39	0.525890582213479	0.776	0.209	1.80368929346282e-35	5	Rbpms2
1.57560833592288e-39	0.600336854031361	0.724	0.171	2.39902125227618e-35	5	Pcp4l1
1.63904706613784e-39	0.882691550426565	1	0.981	2.49561306290148e-35	5	Tmsb4x
5.49301920596782e-39	0.64532224748783	0.799	0.254	8.36367104300661e-35	5	Pkp4
8.86734376259718e-39	0.570351465965063	0.709	0.166	1.35014176129305e-34	5	Kcnab1
2.27689469266979e-38	0.65706908977534	0.866	0.34	3.46679985905903e-34	5	Efhd1
6.71728652168664e-38	0.638777280969826	0.799	0.242	1.02277404579201e-33	5	Mcam
2.89386666171374e-37	0.603887453754385	0.985	0.645	4.40620137912534e-33	5	Slmap
3.21225460958926e-37	0.671055456761346	0.858	0.355	4.89097886856061e-33	5	Sgcg
4.36250387642679e-37	0.544487930144733	0.978	0.899	6.64234840224743e-33	5	Hcfc1r1
6.9771219606797e-37	0.617481051871803	0.873	0.35	1.06233658973309e-32	5	Myom1
8.59632512266637e-37	0.644806378715721	0.97	0.852	1.30887646317718e-32	5	Hsp90aa1
1.57965497441074e-36	0.64651600160075	0.679	0.16	2.4051826640378e-32	5	Tppp3
2.06783114856613e-36	0.591701468988853	0.828	0.281	3.1484797068068e-32	5	Kcnmb1
2.87653645488485e-36	0.722924442627627	0.978	0.722	4.37981440620766e-32	5	Olfr1033
4.49362949303007e-36	0.618694847973979	0.955	0.529	6.84200026608758e-32	5	Pdlim3
5.93496596527744e-36	0.580240634538547	0.746	0.226	9.03657917873144e-32	5	Rassf3
7.04546408911939e-36	0.543685872229767	0.993	0.815	1.07274236220932e-31	5	Ppp1cb
7.07068285344067e-36	0.544889749863913	0.649	0.144	1.07658217126488e-31	5	Ntf3
5.27662258618318e-35	0.517679949376767	0.799	0.257	8.03418554972252e-31	5	Adcy5
5.62919894665718e-35	0.609499055649334	0.896	0.461	8.57101831618023e-31	5	Dmpk
5.6459682079867e-35	0.935923514229258	0.776	0.38	8.59655119348056e-31	5	Actg2
5.91515254803119e-35	0.591534238284906	0.754	0.227	9.00641126963229e-31	5	Gucy1b1
6.42912262716938e-35	0.648755807138858	0.903	0.494	9.7889821121281e-31	5	Lims2
1.22330332065755e-34	0.552307904375296	0.567	0.111	1.86260163603319e-30	5	Tes
1.29429475828523e-34	0.57980302688412	0.94	0.664	1.97069319896509e-30	5	Pdlim1
2.19714276997358e-34	0.596530101175523	0.769	0.259	3.34536958156177e-30	5	Chd3
3.39877294316444e-34	0.508843905067491	0.806	0.269	5.17497168326218e-30	5	Rasl12
3.81046753668831e-34	0.542334370748193	0.933	0.717	5.80181787136161e-30	5	Fermt2
1.10607728179273e-33	0.61209965480348	1	0.998	1.68411326925761e-29	5	Vim
1.39309348126605e-33	0.542050111200593	0.642	0.149	2.12112413457569e-29	5	Mylk4
1.51273538117544e-33	0.512634605607238	0.94	0.791	2.30329089137772e-29	5	Oxct1
5.57922757833949e-33	0.562093064365223	0.724	0.219	8.4949319107797e-29	5	Limch1
2.34245146536952e-32	0.615033784740355	0.933	0.6	3.56661660117163e-28	5	Cbr2
4.00591049735607e-32	0.7416992429489	0.903	0.468	6.09939932327436e-28	5	Fbxl22
7.3712516809083e-32	0.724456064602302	0.985	0.94	1.1223467809351e-27	5	Fos
8.06117137121583e-32	0.505519973587529	0.657	0.168	1.22739395298132e-27	5	Npr1
1.71810761233663e-31	0.832119139630531	0.806	0.346	2.61599065054375e-27	5	Rrad
2.36135227694444e-31	0.529028139450168	0.94	0.651	3.59539497687561e-27	5	Tgfb1i1
2.66077874715769e-31	0.567263753790719	0.993	0.785	4.05130172042231e-27	5	Rbpms
3.05210160859875e-31	0.510122367962468	0.985	0.855	4.64712990925245e-27	5	Aldh2
9.71463542162377e-31	0.592934835064248	0.933	0.664	1.47915038929644e-26	5	Cav1
1.68034907759215e-30	0.430382362998665	0.575	0.124	2.55849950554181e-26	5	Pnck
1.77773418203188e-30	0.492379249203048	0.612	0.146	2.70677806556174e-26	5	Npy1r
2.35337485159692e-30	0.519483746972924	0.627	0.163	3.58324854904148e-26	5	Plekho1
2.36559649342264e-30	0.650551446527043	0.754	0.275	3.60185722088531e-26	5	Stbd1
6.28027349653892e-30	0.452696815555603	0.59	0.138	9.56234442583016e-26	5	Pgm5
6.46169845075741e-30	0.533221974622668	0.858	0.515	9.83858206112323e-26	5	Nox4
8.18786410606445e-30	0.70357196789424	0.933	0.763	1.24668418878937e-25	5	Gadd45b
1.2421229405366e-29	0.474049754474807	1	0.799	1.89125638926102e-25	5	Oat
1.73000753638012e-29	0.524268667647419	0.94	0.712	2.63410947489236e-25	5	Lrrfip1
3.66174978326178e-29	0.574380543652092	1	0.887	5.57538021999439e-25	5	Fhl1
3.94501237216722e-29	0.44464908268347	0.597	0.144	6.00667583786181e-25	5	Heyl
4.33428592956553e-29	0.530384163963678	0.694	0.211	6.59938375635648e-25	5	Ccdc3
1.16487005272841e-28	0.549408350232081	0.709	0.236	1.77363114228427e-24	5	Fbxo32
1.81066205637147e-28	0.514607609784241	0.791	0.345	2.75691404703119e-24	5	Smarcd3
1.81726785636214e-28	0.503007941609931	0.746	0.262	2.766972038097e-24	5	Pdlim4
2.03588511942566e-28	0.462419340964109	0.993	0.79	3.0998386828375e-24	5	Kif5b
2.28273226887691e-28	0.482262527906984	0.687	0.228	3.47568815259198e-24	5	Suclg2
9.20281083839479e-28	0.493035183469943	0.709	0.244	1.40121997825399e-23	5	Tspan2
1.47109228645755e-27	0.468594520628382	0.687	0.229	2.23988511536026e-23	5	Itga1
2.77290643152458e-27	0.508819321938891	0.978	0.637	4.22202733263932e-23	5	Ramp1
3.20749761825628e-27	0.493654310311028	0.925	0.731	4.88373587355701e-23	5	Cfl2
3.53501954494186e-27	0.477286368290765	0.724	0.251	5.38242075912847e-23	5	Tmem47
4.51697066054144e-27	0.458502550797053	0.858	0.421	6.87753952774039e-23	5	Bex3
5.00008880128286e-27	0.508286322536893	0.91	0.618	7.61313520883329e-23	5	Ndrg2
7.33724970713035e-27	0.430695776777432	0.731	0.257	1.11716964040767e-22	5	Mrvi1
1.19384475311394e-26	0.457288505887453	1	0.995	1.81774802109129e-22	5	Pfn1
1.28068967212274e-26	0.620802080961174	0.933	0.766	1.94997809477409e-22	5	Klf6
1.65529877121582e-26	0.539146712673379	0.963	0.766	2.52035790905321e-22	5	Rock1
4.17441999350003e-26	0.569523046250028	0.552	0.14	6.35597188210315e-22	5	Rgs4
4.27398361751865e-26	0.472259011275948	0.56	0.141	6.5075674560339e-22	5	Flnc
5.6544669057228e-26	0.478558329883965	1	0.886	8.60949131065353e-22	5	Rbp1
6.6747206564079e-26	0.43812026704088	0.515	0.116	1.01629296714467e-21	5	Dnajb5
1.08667842485404e-25	0.458556179039097	0.716	0.255	1.65457656968276e-21	5	Sorl1
1.13435980342862e-25	0.495774672141835	0.955	0.625	1.72717623670041e-21	5	Spint2
1.36673515226925e-25	0.489564334768129	0.866	0.528	2.08099094284516e-21	5	Camk2n1
1.45100427557777e-25	0.469429238733522	0.739	0.279	2.20929910999472e-21	5	Pxdc1
2.68744664432172e-25	0.415835222251445	0.567	0.149	4.09190626064425e-21	5	Slc25a23
2.92430973434089e-25	0.450269965088785	0.604	0.174	4.45255400150743e-21	5	Scube3
4.02767145772151e-25	0.444540487089566	1	0.932	6.13253256152677e-21	5	Itgb1
7.75469265857604e-25	0.454233883144859	0.993	0.872	1.18072950419479e-20	5	Map1lc3a
1.57477137248082e-24	0.51536230834246	0.716	0.283	2.39774689173929e-20	5	Hspa2
1.64715224114632e-24	0.47418651966486	0.657	0.231	2.50795400236939e-20	5	Hsph1
2.66017861089332e-24	0.521738130861599	0.664	0.271	4.05038795294617e-20	5	Ttc28
2.81110587792966e-24	0.431525437994532	0.597	0.176	4.28018980973571e-20	5	Nkd1
3.7547747500691e-24	0.478853897419246	0.866	0.536	5.71702003445522e-20	5	Ccdc107
1.19528898368757e-23	0.450385027928913	1	0.907	1.8199470065627e-19	5	Pls3
1.42568944176215e-23	0.519459900326498	0.679	0.244	2.17075474402705e-19	5	Rasl11b
3.04501261426323e-23	0.406203092300742	1	0.988	4.63633620647719e-19	5	H3f3a
3.3244682298478e-23	0.611192158651029	0.918	0.683	5.06183532676626e-19	5	Nr4a1
6.63811844317856e-23	0.454050059533308	0.866	0.492	1.01071991415837e-18	5	Svil
8.46077192620388e-23	0.540951863310491	0.828	0.625	1.2882371334838e-18	5	Ppp1r15a
8.77610600138332e-23	0.416750833485868	1	0.99	1.33624989977062e-18	5	Dynll1
1.81390647587509e-22	0.509693671822583	0.567	0.172	2.76185400016741e-18	5	Rasl11a
2.02354575787681e-22	0.433981596816378	0.94	0.681	3.08105077094322e-18	5	Atp2a2
4.02217096099146e-22	0.438027296451702	0.91	0.586	6.1241575052056e-18	5	Tgm2
4.30120126401939e-22	0.420258767672201	0.851	0.59	6.54900904459592e-18	5	Anxa11
7.05014616967706e-22	0.463140920025912	0.94	0.764	1.07345525579503e-17	5	Pcdh7
7.1189936692515e-22	0.45865012323079	0.642	0.234	1.08393797608023e-17	5	Foxp2
9.53093531541243e-22	0.462309677165279	0.963	0.795	1.4511802111247e-17	5	Rhob
1.01775436313259e-21	0.403534020138559	0.545	0.156	1.54963279330568e-17	5	Gm45551
1.07645267813951e-21	0.413853061047454	0.679	0.258	1.63900684773521e-17	5	Itpr1
1.53040308062116e-21	0.521891148229368	0.896	0.597	2.33019173055378e-17	5	Fmo2
2.37463630164813e-21	0.427271337800065	0.993	0.841	3.61562123288944e-17	5	Rarres2
2.66977213681223e-21	0.418172217939992	0.537	0.155	4.0649950555103e-17	5	Rasgrp2
2.84177215650367e-21	0.424220145396964	0.664	0.251	4.32688228549248e-17	5	Jph2
3.26712124332846e-21	0.40976702586883	0.612	0.208	4.97451880509191e-17	5	Fbxo30
3.55690760696209e-21	0.405154832822549	0.582	0.189	5.41574752236048e-17	5	Unc45a
4.31391635145689e-21	0.44101737263531	0.918	0.586	6.56836903672826e-17	5	Nexn
5.79043327925534e-21	0.627552187852521	0.821	0.586	8.81651371099418e-17	5	Gadd45g
5.97266598322782e-21	0.523585092531409	0.881	0.662	9.09398122606268e-17	5	Dnajb4
1.10906458239878e-20	0.423701356290105	0.866	0.525	1.68866173316039e-16	5	Atp1a2
1.21761910774991e-20	0.434337918922252	0.739	0.329	1.85394685346001e-16	5	Arl4a
1.84471455149052e-20	0.469114273778938	0.657	0.268	2.80876237609947e-16	5	Tmem110
2.38694691852363e-20	0.432193582703083	0.851	0.514	3.63436537814408e-16	5	Fam129a
3.03616223067291e-20	0.481588013640456	0.664	0.26	4.62286061242257e-16	5	Osr1
1.26746563785208e-19	0.443195994964978	0.59	0.206	1.92984318019358e-15	5	Pde4b
1.49102374758343e-19	0.407597393187569	0.896	0.645	2.27023275807053e-15	5	Tln1
2.01751815421958e-19	0.738980185124579	0.828	0.516	3.07187314161473e-15	5	Tcap
4.11864088709104e-19	0.521626108862565	0.978	0.849	6.27104261468481e-15	5	Btg2
9.39284519688042e-19	0.523077461502046	0.866	0.672	1.43015460967701e-14	5	Sgk1
7.88756163803645e-18	0.419730066512986	0.761	0.397	1.20096013500743e-13	5	Dmd
1.06758424562221e-16	0.434918804007752	0.828	0.601	1.62550377238437e-12	5	Ifrd1
1.27563473349895e-16	0.431451612738879	0.776	0.488	1.9422814452255e-12	5	Uchl1
3.14982010411957e-16	0.473774397103776	0.963	0.859	4.79591609053246e-12	5	Egr1
5.02225154364596e-16	0.418588256221514	0.873	0.604	7.64688020035534e-12	5	Enah
5.11972182285514e-16	0.404000764604442	0.478	0.164	7.79528844747924e-12	5	Arrdc3
5.87370226692528e-16	0.647566330041695	0.836	0.594	8.94329907162044e-12	5	Hspa1a
4.79345989781303e-15	0.474490642358987	0.724	0.458	7.29852204041012e-11	5	Cited2
9.39750325723194e-15	0.504008080298807	0.978	0.879	1.43086384594614e-10	5	Ccn1
1.44406055430403e-14	0.575691572868804	0.425	0.131	2.19872659998332e-10	5	Tnnt2
1.92125712234866e-14	0.464875251078821	0.978	0.899	2.92530609448807e-10	5	Jun
5.38229640243906e-14	0.431122530338873	0.866	0.714	8.19508450235371e-10	5	Id2
3.48148080580203e-13	0.438690730509834	0.769	0.513	5.30090267491417e-09	5	Mfap5
5.12198983962781e-13	0.418678929734888	0.761	0.566	7.79874172981731e-09	5	Errfi1
1.26355052651723e-11	0.436721113231279	0.843	0.662	1.92388203167514e-07	5	Gem
3.79512766009494e-07	0.738338977783121	0.246	0.089	0.00577846137526055	5	Des
